system:index,city,greenSpaceArea_m2,.geo
0000000000000000118e,Riverdale,2831139.8177326275,"{""type"":""MultiPoint"",""coordinates"":[]}"
00000000000000001358,Riverdale,3.4290537898464814E7,"{""type"":""MultiPoint"",""coordinates"":[]}"
00000000000000000559,Riverhead,7.371051968064785E7,"{""type"":""MultiPoint"",""coordinates"":[]}"
00000000000000000014,Riverside,1.8420036107527796E7,"{""type"":""MultiPoint"",""coordinates"":[]}"
0000000000000000081d,Riverside,1.2113329092805983E8,"{""type"":""MultiPoint"",""coordinates"":[]}"
00000000000000001379,Riverside,1099271.7727772426,"{""type"":""MultiPoint"",""coordinates"":[]}"
000000000000000013bb,Riverside,1.3666699258846363E8,"{""type"":""MultiPoint"",""coordinates"":[]}"
00000000000000000447,Riverton,1.5808380288197111E7,"{""type"":""MultiPoint"",""coordinates"":[]}"
0000000000000000113d,Riverton,72.97156524658203,"{""type"":""MultiPoint"",""coordinates"":[]}"
000000000000000001c9,Riverview,1.640337914282695E8,"{""type"":""MultiPoint"",""coordinates"":[]}"
00000000000000000f63,Riverview,1.0832905487598164E7,"{""type"":""MultiPoint"",""coordinates"":[]}"
0000000000000000051a,Riviera Beach,4.131037245277395E7,"{""type"":""MultiPoint"",""coordinates"":[]}"
00000000000000000fa3,Riviera Beach,1.0279645367755076E8,"{""type"":""MultiPoint"",""coordinates"":[]}"
000000000000000000ce,Roanoke,2.261355358153846E8,"{""type"":""MultiPoint"",""coordinates"":[]}"
00000000000000001301,Roanoke,5.623912124568365E7,"{""type"":""MultiPoint"",""coordinates"":[]}"
00000000000000000cf9,Roanoke Rapids,2.4043459035460114E8,"{""type"":""MultiPoint"",""coordinates"":[]}"
00000000000000000d77,Robbinsdale,0.0,"{""type"":""MultiPoint"",""coordinates"":[]}"
00000000000000000cc6,Robbinsville,1.4355353388449982E8,"{""type"":""MultiPoint"",""coordinates"":[]}"
00000000000000000f20,Robertsville,1.6114983918220776E8,"{""type"":""MultiPoint"",""coordinates"":[]}"
00000000000000000ccc,Robinson,6662393.822195498,"{""type"":""MultiPoint"",""coordinates"":[]}"
00000000000000000f50,Robinson,4.664091766844938E7,"{""type"":""MultiPoint"",""coordinates"":[]}"
00000000000000001203,Robstown,5689411.598262504,"{""type"":""MultiPoint"",""coordinates"":[]}"
00000000000000001333,Rochelle,4.574553595251156E7,"{""type"":""MultiPoint"",""coordinates"":[]}"
00000000000000000041,Rochester,145.753173828125,"{""type"":""MultiPoint"",""coordinates"":[]}"
00000000000000000173,Rochester,1048428.8399086747,"{""type"":""MultiPoint"",""coordinates"":[]}"
000000000000000005f6,Rochester,7555315.982962275,"{""type"":""MultiPoint"",""coordinates"":[]}"
00000000000000000ece,Rochester,183073.72427448945,"{""type"":""MultiPoint"",""coordinates"":[]}"
00000000000000000283,Rochester Hills,83367.1084146537,"{""type"":""MultiPoint"",""coordinates"":[]}"
00000000000000001417,Rock Falls,3.394859315372929E7,"{""type"":""MultiPoint"",""coordinates"":[]}"
000000000000000000c1,Rock Hill,2.5331562227193573E8,"{""type"":""MultiPoint"",""coordinates"":[]}"
00000000000000000528,Rock Island,1.467581297826876E8,"{""type"":""MultiPoint"",""coordinates"":[]}"
00000000000000000888,Rock Springs,161584.88955688477,"{""type"":""MultiPoint"",""coordinates"":[]}"
000000000000000007b4,Rockaway,1.1467998691106527E8,"{""type"":""MultiPoint"",""coordinates"":[]}"
00000000000000001284,Rockcreek,2484327.55499103,"{""type"":""MultiPoint"",""coordinates"":[]}"
000000000000000000a4,Rockford,4.6623759927384354E7,"{""type"":""MultiPoint"",""coordinates"":[]}"
0000000000000000138e,Rockingham,2.6105592515676805E8,"{""type"":""MultiPoint"",""coordinates"":[]}"
00000000000000000b35,Rockland,9.697967754422677E7,"{""type"":""MultiPoint"",""coordinates"":[]}"
00000000000000000702,Rockledge,1.3008632142933114E8,"{""type"":""MultiPoint"",""coordinates"":[]}"
000000000000000002ad,Rocklin,7.697115436352882E7,"{""type"":""MultiPoint"",""coordinates"":[]}"
000000000000000011f9,Rockport,2.8120780157365356E7,"{""type"":""MultiPoint"",""coordinates"":[]}"
000000000000000002ed,Rockville,1.4498440446084797E8,"{""type"":""MultiPoint"",""coordinates"":[]}"
000000000000000007a1,Rockville Centre,2.525305383893233E7,"{""type"":""MultiPoint"",""coordinates"":[]}"
00000000000000000409,Rockwall,6.5589239029227704E7,"{""type"":""MultiPoint"",""coordinates"":[]}"
00000000000000000396,Rocky Mount,2.2666966379679385E8,"{""type"":""MultiPoint"",""coordinates"":[]}"
00000000000000000e23,Rocky Point,9.932325869459248E7,"{""type"":""MultiPoint"",""coordinates"":[]}"
00000000000000000942,Rocky River,1312748.066446342,"{""type"":""MultiPoint"",""coordinates"":[]}"
00000000000000001350,Rodeo,4.585469080529733E7,"{""type"":""MultiPoint"",""coordinates"":[]}"
0000000000000000103a,Roessleville,96969.99605246152,"{""type"":""MultiPoint"",""coordinates"":[]}"
000000000000000002c7,Rogers,2.3307409505568293E8,"{""type"":""MultiPoint"",""coordinates"":[]}"
00000000000000000e8d,Rogers,1619.621925354004,"{""type"":""MultiPoint"",""coordinates"":[]}"
00000000000000000454,Rohnert Park,8.71112198836016E7,"{""type"":""MultiPoint"",""coordinates"":[]}"
000000000000000012cf,Rolesville,2.504782977459035E8,"{""type"":""MultiPoint"",""coordinates"":[]}"
000000000000000009ee,Rolla,2.8928217690779823E8,"{""type"":""MultiPoint"",""coordinates"":[]}"
0000000000000000084e,Rolling Meadows,3.2709932240230937E7,"{""type"":""MultiPoint"",""coordinates"":[]}"
00000000000000001049,Roma,4105789.672397658,"{""type"":""MultiPoint"",""coordinates"":[]}"
0000000000000000051d,Rome,3.16078863075867E8,"{""type"":""MultiPoint"",""coordinates"":[]}"
0000000000000000060e,Rome,0.0,"{""type"":""MultiPoint"",""coordinates"":[]}"
000000000000000004c4,Romeoville,6252337.3161470005,"{""type"":""MultiPoint"",""coordinates"":[]}"
000000000000000007ea,Romulus,1763826.5697899023,"{""type"":""MultiPoint"",""coordinates"":[]}"
00000000000000000a7b,Ronkonkoma,4.720031531635026E7,"{""type"":""MultiPoint"",""coordinates"":[]}"
00000000000000000a40,Roosevelt,2.6756825394417763E7,"{""type"":""MultiPoint"",""coordinates"":[]}"
000000000000000009a3,Rosamond,244049.52801513672,"{""type"":""MultiPoint"",""coordinates"":[]}"
00000000000000000fbc,Rosaryville,2.2098672157409775E8,"{""type"":""MultiPoint"",""coordinates"":[]}"
000000000000000010b5,Roscoe,4.0024130219011925E7,"{""type"":""MultiPoint"",""coordinates"":[]}"
0000000000000000096b,Rose Hill,1.2956558588863666E8,"{""type"":""MultiPoint"",""coordinates"":[]}"
00000000000000000871,Roseburg,3.4940774809804894E7,"{""type"":""MultiPoint"",""coordinates"":[]}"
000000000000000009e8,Rosedale,1.1401828002174431E8,"{""type"":""MultiPoint"",""coordinates"":[]}"
00000000000000000a49,Rosedale,5.71084006472136E7,"{""type"":""MultiPoint"",""coordinates"":[]}"
000000000000000008c2,Roselle,3.3110368168481875E7,"{""type"":""MultiPoint"",""coordinates"":[]}"
000000000000000008e5,Roselle,4.065890920733772E7,"{""type"":""MultiPoint"",""coordinates"":[]}"
00000000000000000de8,Roselle Park,4.421760541137822E7,"{""type"":""MultiPoint"",""coordinates"":[]}"
000000000000000003c5,Rosemead,2.8937422446155846E7,"{""type"":""MultiPoint"",""coordinates"":[]}"
0000000000000000085f,Rosemont,3.2802675637776114E7,"{""type"":""MultiPoint"",""coordinates"":[]}"
0000000000000000078a,Rosemount,1136.1608581542969,"{""type"":""MultiPoint"",""coordinates"":[]}"
000000000000000004f3,Rosenberg,1.0725415452760054E8,"{""type"":""MultiPoint"",""coordinates"":[]}"
00000000000000000134,Roseville,4.246712143189012E7,"{""type"":""MultiPoint"",""coordinates"":[]}"
00000000000000000411,Roseville,512891.94118912634,"{""type"":""MultiPoint"",""coordinates"":[]}"
0000000000000000054e,Roseville,1556.8662948608398,"{""type"":""MultiPoint"",""coordinates"":[]}"
00000000000000001260,Roslyn,1.1838040225756961E8,"{""type"":""MultiPoint"",""coordinates"":[]}"
000000000000000005d9,Ross,1.5103597300321784E7,"{""type"":""MultiPoint"",""coordinates"":[]}"
00000000000000001008,Rossmoor,1.7203608602806617E7,"{""type"":""MultiPoint"",""coordinates"":[]}"
00000000000000000cb7,Rossville,1.6407384457349014E8,"{""type"":""MultiPoint"",""coordinates"":[]}"
00000000000000001070,Rostraver,7452.504741893095,"{""type"":""MultiPoint"",""coordinates"":[]}"
000000000000000001fc,Roswell,2.057610734360234E8,"{""type"":""MultiPoint"",""coordinates"":[]}"
00000000000000000404,Roswell,5.4472955953073986E7,"{""type"":""MultiPoint"",""coordinates"":[]}"
00000000000000001207,Rotonda,8.182314020469588E7,"{""type"":""MultiPoint"",""coordinates"":[]}"
0000000000000000066b,Rotterdam,2053.0453033447266,"{""type"":""MultiPoint"",""coordinates"":[]}"
00000000000000000a9a,Round Lake,2.1889994101087447E7,"{""type"":""MultiPoint"",""coordinates"":[]}"
000000000000000000ac,Round Lake Beach,1.1828093982616946E7,"{""type"":""MultiPoint"",""coordinates"":[]}"
00000000000000000178,Round Rock,2.6511977547799468E7,"{""type"":""MultiPoint"",""coordinates"":[]}"
00000000000000000416,Rowland Heights,6.090768794546752E7,"{""type"":""MultiPoint"",""coordinates"":[]}"
00000000000000000317,Rowlett,6.069323924583619E7,"{""type"":""MultiPoint"",""coordinates"":[]}"
000000000000000013cf,Roxborough Park,6679447.674390366,"{""type"":""MultiPoint"",""coordinates"":[]}"
000000000000000008a6,Roxbury,1.1306451597056213E8,"{""type"":""MultiPoint"",""coordinates"":[]}"
000000000000000004e6,Roy,4.4522707187037244E7,"{""type"":""MultiPoint"",""coordinates"":[]}"
00000000000000000df4,Royal Kunia,8.125074475185019E7,"{""type"":""MultiPoint"",""coordinates"":[]}"
00000000000000000362,Royal Oak,878530.0517775591,"{""type"":""MultiPoint"",""coordinates"":[]}"
000000000000000004e9,Royal Palm Beach,1.0861720079705012E8,"{""type"":""MultiPoint"",""coordinates"":[]}"
00000000000000000d0c,Royse City,1.0933103753017342E8,"{""type"":""MultiPoint"",""coordinates"":[]}"
000000000000000006cd,Ruskin,1.2926029343348879E8,"{""type"":""MultiPoint"",""coordinates"":[]}"
000000000000000006c7,Russellville,2.7907406423095876E8,"{""type"":""MultiPoint"",""coordinates"":[]}"
00000000000000001131,Russellville,3.260151588959716E8,"{""type"":""MultiPoint"",""coordinates"":[]}"
000000000000000008f7,Ruston,2.8962794249667215E8,"{""type"":""MultiPoint"",""coordinates"":[]}"
00000000000000000a8b,Rutherford,1.3623271788024932E7,"{""type"":""MultiPoint"",""coordinates"":[]}"
00000000000000000c85,Rutland,941.6179351806641,"{""type"":""MultiPoint"",""coordinates"":[]}"
000000000000000013b4,Rutland,8.037227836791901E7,"{""type"":""MultiPoint"",""coordinates"":[]}"
000000000000000003ed,Rye,1.3217424392302363E8,"{""type"":""MultiPoint"",""coordinates"":[]}"
00000000000000001286,Rye Brook,1.6225906250462833E8,"{""type"":""MultiPoint"",""coordinates"":[]}"
00000000000000000700,Sachse,5.546652662681109E7,"{""type"":""MultiPoint"",""coordinates"":[]}"
000000000000000009ba,Saco,2052004.3676738658,"{""type"":""MultiPoint"",""coordinates"":[]}"
0000000000000000001a,Sacramento,3.818292884943727E7,"{""type"":""MultiPoint"",""coordinates"":[]}"
00000000000000000d9d,Saddle Brook,2.5853192581662383E7,"{""type"":""MultiPoint"",""coordinates"":[]}"
00000000000000000fc1,Saddlebrooke,2261023.777126447,"{""type"":""MultiPoint"",""coordinates"":[]}"
00000000000000000b96,Safety Harbor,1.08407702890954E8,"{""type"":""MultiPoint"",""coordinates"":[]}"
0000000000000000122d,Safford,3739610.1566477744,"{""type"":""MultiPoint"",""coordinates"":[]}"
0000000000000000018f,Saginaw,3990.9363021850586,"{""type"":""MultiPoint"",""coordinates"":[]}"
0000000000000000084b,Saginaw,2.2726989285771236E7,"{""type"":""MultiPoint"",""coordinates"":[]}"
000000000000000005a7,Sahuarita,8225173.4581788005,"{""type"":""MultiPoint"",""coordinates"":[]}"
00000000000000001191,Saks,3.3131156511647755E8,"{""type"":""MultiPoint"",""coordinates"":[]}"
000000000000000000aa,Salem,3389163.427281907,"{""type"":""MultiPoint"",""coordinates"":[]}"
00000000000000000452,Salem,7603152.347711576,"{""type"":""MultiPoint"",""coordinates"":[]}"
0000000000000000066f,Salem,4247343.160626129,"{""type"":""MultiPoint"",""coordinates"":[]}"
000000000000000007c6,Salem,2.4763549353467765E8,"{""type"":""MultiPoint"",""coordinates"":[]}"
00000000000000000fe2,Salem,3.499008695962067E7,"{""type"":""MultiPoint"",""coordinates"":[]}"
00000000000000001327,Salem,4.992213264484298E7,"{""type"":""MultiPoint"",""coordinates"":[]}"
00000000000000000d67,Salem Lakes,5927335.02049839,"{""type"":""MultiPoint"",""coordinates"":[]}"
00000000000000000d33,Salida,1.5562330950939423E8,"{""type"":""MultiPoint"",""coordinates"":[]}"
0000000000000000041d,Salina,1.8529280801993813E7,"{""type"":""MultiPoint"",""coordinates"":[]}"
000000000000000005df,Salina,0.0,"{""type"":""MultiPoint"",""coordinates"":[]}"
000000000000000000fe,Salinas,6.85931863541407E7,"{""type"":""MultiPoint"",""coordinates"":[]}"
000000000000000013f4,Saline,539082.2837337418,"{""type"":""MultiPoint"",""coordinates"":[]}"
00000000000000000246,Salisbury,2.13971382710605E8,"{""type"":""MultiPoint"",""coordinates"":[]}"
0000000000000000056d,Salisbury,2.900925956501812E8,"{""type"":""MultiPoint"",""coordinates"":[]}"
00000000000000000e36,Salisbury,6.136791039295262E7,"{""type"":""MultiPoint"",""coordinates"":[]}"
00000000000000000eee,Salisbury,7.274418937293202E7,"{""type"":""MultiPoint"",""coordinates"":[]}"
00000000000000001056,Salisbury,1.4679757826102448E8,"{""type"":""MultiPoint"",""coordinates"":[]}"
00000000000000001388,Salisbury,3.850151709564302E7,"{""type"":""MultiPoint"",""coordinates"":[]}"
000000000000000014c1,Sallisaw,2.210269707797833E8,"{""type"":""MultiPoint"",""coordinates"":[]}"
000000000000000009cc,Salmon Creek,8274800.044407989,"{""type"":""MultiPoint"",""coordinates"":[]}"
0000000000000000002c,Salt Lake City,7675782.579014378,"{""type"":""MultiPoint"",""coordinates"":[]}"
000000000000000002f5,Sammamish,3814973.0666362685,"{""type"":""MultiPoint"",""coordinates"":[]}"
000000000000000001d4,San Angelo,7846864.221813935,"{""type"":""MultiPoint"",""coordinates"":[]}"
00000000000000000f00,San Anselmo,1.8378219519881877E8,"{""type"":""MultiPoint"",""coordinates"":[]}"
00000000000000000019,San Antonio,3.6057986190014526E7,"{""type"":""MultiPoint"",""coordinates"":[]}"
00000000000000000807,San Benito,2.467825402372915E7,"{""type"":""MultiPoint"",""coordinates"":[]}"
000000000000000000ca,San Bernardino,4.647929950802351E7,"{""type"":""MultiPoint"",""coordinates"":[]}"
0000000000000000046c,San Bruno,6.619660871269399E7,"{""type"":""MultiPoint"",""coordinates"":[]}"
000000000000000001a5,San Buenaventura,5.992456302467755E7,"{""type"":""MultiPoint"",""coordinates"":[]}"
00000000000000000664,San Carlos,1.1367056129283106E8,"{""type"":""MultiPoint"",""coordinates"":[]}"
00000000000000000a74,San Carlos Park,1.0626627838414596E8,"{""type"":""MultiPoint"",""coordinates"":[]}"
0000000000000000030d,San Clemente,6.791302502692127E7,"{""type"":""MultiPoint"",""coordinates"":[]}"
0000000000000000000e,San Diego,1.6740341982585276E7,"{""type"":""MultiPoint"",""coordinates"":[]}"
00000000000000001204,San Diego Country Estates,1.88159401162082E7,"{""type"":""MultiPoint"",""coordinates"":[]}"
0000000000000000059c,San Dimas,8.400596366106714E7,"{""type"":""MultiPoint"",""coordinates"":[]}"
00000000000000001240,San Elizario,8614445.54716797,"{""type"":""MultiPoint"",""coordinates"":[]}"
00000000000000000859,San Fernando,4.2189522588620156E7,"{""type"":""MultiPoint"",""coordinates"":[]}"
0000000000000000000d,San Francisco,1.2437312958004255E7,"{""type"":""MultiPoint"",""coordinates"":[]}"
000000000000000004e0,San Gabriel,3.6521639215630434E7,"{""type"":""MultiPoint"",""coordinates"":[]}"
0000000000000000039b,San Jacinto,2.1077825160437524E7,"{""type"":""MultiPoint"",""coordinates"":[]}"
0000000000000000001d,San Jose,3.439190513162842E7,"{""type"":""MultiPoint"",""coordinates"":[]}"
0000000000000000056b,San Juan,1.79154176633689E7,"{""type"":""MultiPoint"",""coordinates"":[]}"
0000000000000000057e,San Juan Capistrano,7.509325434008202E7,"{""type"":""MultiPoint"",""coordinates"":[]}"
0000000000000000020f,San Leandro,5.6465820871653035E7,"{""type"":""MultiPoint"",""coordinates"":[]}"
0000000000000000068a,San Lorenzo,4.652470150018935E7,"{""type"":""MultiPoint"",""coordinates"":[]}"
00000000000000000579,San Luis,1.2281842986552458E7,"{""type"":""MultiPoint"",""coordinates"":[]}"
0000000000000000040f,San Luis Obispo,1.0184345370829162E8,"{""type"":""MultiPoint"",""coordinates"":[]}"
000000000000000001f3,San Marcos,3.165055514003148E7,"{""type"":""MultiPoint"",""coordinates"":[]}"
000000000000000002e6,San Marcos,2.9723076815388884E7,"{""type"":""MultiPoint"",""coordinates"":[]}"
00000000000000000f5b,San Marino,5.0423781680351526E7,"{""type"":""MultiPoint"",""coordinates"":[]}"
000000000000000001c1,San Mateo,7.61466968925809E7,"{""type"":""MultiPoint"",""coordinates"":[]}"
00000000000000000618,San Pablo,4.439704980767485E7,"{""type"":""MultiPoint"",""coordinates"":[]}"
0000000000000000033a,San Rafael,1.280577368618356E8,"{""type"":""MultiPoint"",""coordinates"":[]}"
00000000000000000227,San Ramon,8.196687725058821E7,"{""type"":""MultiPoint"",""coordinates"":[]}"
000000000000000001d0,San Tan Valley,2.244456470657869E7,"{""type"":""MultiPoint"",""coordinates"":[]}"
00000000000000001434,Sanatoga,1.6151724991226038E8,"{""type"":""MultiPoint"",""coordinates"":[]}"
000000000000000009f4,Sand Springs,2.302144204132661E8,"{""type"":""MultiPoint"",""coordinates"":[]}"
00000000000000001418,Sandpoint,33113.71009063721,"{""type"":""MultiPoint"",""coordinates"":[]}"
000000000000000007f1,Sandusky,2.4468000097857915E7,"{""type"":""MultiPoint"",""coordinates"":[]}"
000000000000000009bd,Sandwich,1.1495234887924042E8,"{""type"":""MultiPoint"",""coordinates"":[]}"
000000000000000001e9,Sandy,1.4311993828558812E7,"{""type"":""MultiPoint"",""coordinates"":[]}"
00000000000000000f31,Sandy,4.303159572471068E7,"{""type"":""MultiPoint"",""coordinates"":[]}"
0000000000000000100e,Sandy,637174.185728006,"{""type"":""MultiPoint"",""coordinates"":[]}"
000000000000000012ee,Sandy Hook,2.6838771541266787E8,"{""type"":""MultiPoint"",""coordinates"":[]}"
000000000000000001b2,Sandy Springs,1.675948116662523E8,"{""type"":""MultiPoint"",""coordinates"":[]}"
00000000000000000334,Sanford,1.8020311381081706E8,"{""type"":""MultiPoint"",""coordinates"":[]}"
0000000000000000066d,Sanford,2.9686789342895854E8,"{""type"":""MultiPoint"",""coordinates"":[]}"
00000000000000000919,Sanford,1209838.8884666893,"{""type"":""MultiPoint"",""coordinates"":[]}"
00000000000000001478,Sangaree,2.306996523954809E8,"{""type"":""MultiPoint"",""coordinates"":[]}"
0000000000000000075e,Sanger,1.1194029603483388E8,"{""type"":""MultiPoint"",""coordinates"":[]}"
000000000000000013d5,Sanger,3.665994967333515E7,"{""type"":""MultiPoint"",""coordinates"":[]}"
0000000000000000008c,Santa Ana,2.178437617170933E7,"{""type"":""MultiPoint"",""coordinates"":[]}"
000000000000000000e5,Santa Barbara,9.644886191727045E7,"{""type"":""MultiPoint"",""coordinates"":[]}"
00000000000000000164,Santa Clara,2.316309632979608E7,"{""type"":""MultiPoint"",""coordinates"":[]}"
00000000000000001076,Santa Clara,1.118128683190897E7,"{""type"":""MultiPoint"",""coordinates"":[]}"
000000000000000000a8,Santa Clarita,4.279132477236499E7,"{""type"":""MultiPoint"",""coordinates"":[]}"
0000000000000000010f,Santa Cruz,1.3902049831753415E8,"{""type"":""MultiPoint"",""coordinates"":[]}"
000000000000000001f9,Santa Fe,1984181.3866222904,"{""type"":""MultiPoint"",""coordinates"":[]}"
00000000000000000efb,Santa Fe,1.4639297146030432E8,"{""type"":""MultiPoint"",""coordinates"":[]}"
00000000000000000a7a,Santa Fe Springs,2.463314369434011E7,"{""type"":""MultiPoint"",""coordinates"":[]}"
0000000000000000013b,Santa Maria,4.076985795523409E7,"{""type"":""MultiPoint"",""coordinates"":[]}"
000000000000000001ff,Santa Monica,5.8473389489097975E7,"{""type"":""MultiPoint"",""coordinates"":[]}"
00000000000000000658,Santa Paula,1.3221935236085877E8,"{""type"":""MultiPoint"",""coordinates"":[]}"
00000000000000000092,Santa Rosa,8.464394547009204E7,"{""type"":""MultiPoint"",""coordinates"":[]}"
00000000000000000d74,Santaquin,3.253481952802188E7,"{""type"":""MultiPoint"",""coordinates"":[]}"
00000000000000000350,Santee,1.042765994585864E7,"{""type"":""MultiPoint"",""coordinates"":[]}"
00000000000000000916,Sapulpa,2.0571737972741452E8,"{""type"":""MultiPoint"",""coordinates"":[]}"
00000000000000000c4a,Saraland,2.4246830625998306E8,"{""type"":""MultiPoint"",""coordinates"":[]}"
00000000000000000385,Sarasota,7.184812896864702E7,"{""type"":""MultiPoint"",""coordinates"":[]}"
00000000000000000f47,Sarasota Springs,1.2873189729203534E8,"{""type"":""MultiPoint"",""coordinates"":[]}"
0000000000000000065a,Saratoga,1.800769338046254E8,"{""type"":""MultiPoint"",""coordinates"":[]}"
0000000000000000028f,Saratoga Springs,16434.012649536133,"{""type"":""MultiPoint"",""coordinates"":[]}"
000000000000000004bc,Saratoga Springs,1.3856504096840993E7,"{""type"":""MultiPoint"",""coordinates"":[]}"
00000000000000000a29,Sartell,3781.516471862793,"{""type"":""MultiPoint"",""coordinates"":[]}"
000000000000000010a4,Satellite Beach,4.4286704822061814E7,"{""type"":""MultiPoint"",""coordinates"":[]}"
00000000000000000a57,Saugerties,1.580323039151058E7,"{""type"":""MultiPoint"",""coordinates"":[]}"
000000000000000006d9,Saugus,6652840.102069572,"{""type"":""MultiPoint"",""coordinates"":[]}"
00000000000000000e08,Sauk Rapids,23013.439491271973,"{""type"":""MultiPoint"",""coordinates"":[]}"
00000000000000001297,Sauk Village,1.8919748152972173E7,"{""type"":""MultiPoint"",""coordinates"":[]}"
00000000000000000e67,Sault Ste. Marie,343.9729995727539,"{""type"":""MultiPoint"",""coordinates"":[]}"
000000000000000005fc,Savage,5683.267425537109,"{""type"":""MultiPoint"",""coordinates"":[]}"
0000000000000000008a,Savannah,1.5394681759388578E8,"{""type"":""MultiPoint"",""coordinates"":[]}"
00000000000000001475,Savoy,2.6701553415335342E7,"{""type"":""MultiPoint"",""coordinates"":[]}"
0000000000000000043f,Sayreville,7.11633949163417E7,"{""type"":""MultiPoint"",""coordinates"":[]}"
00000000000000000c45,Sayville,3.4063539304545306E7,"{""type"":""MultiPoint"",""coordinates"":[]}"
0000000000000000112b,Scaggsville,2.0072764073273212E8,"{""type"":""MultiPoint"",""coordinates"":[]}"
000000000000000008f5,Scarborough,2340389.787109375,"{""type"":""MultiPoint"",""coordinates"":[]}"
00000000000000000b06,Scarsdale,1.1875308071597381E8,"{""type"":""MultiPoint"",""coordinates"":[]}"
0000000000000000124c,Scenic Oaks,5.164466187117079E7,"{""type"":""MultiPoint"",""coordinates"":[]}"
00000000000000000270,Schaumburg,4.078986503459162E7,"{""type"":""MultiPoint"",""coordinates"":[]}"
000000000000000002d8,Schenectady,4104.935836791992,"{""type"":""MultiPoint"",""coordinates"":[]}"
00000000000000000697,Schererville,9197728.726932064,"{""type"":""MultiPoint"",""coordinates"":[]}"
0000000000000000047f,Schertz,1.9929725296478402E7,"{""type"":""MultiPoint"",""coordinates"":[]}"
00000000000000001036,Schiller Park,4578793.530429376,"{""type"":""MultiPoint"",""coordinates"":[]}"
00000000000000000ed2,Schodack,656234.6682022094,"{""type"":""MultiPoint"",""coordinates"":[]}"
00000000000000000af7,Schofield Barracks,1.153877906622968E8,"{""type"":""MultiPoint"",""coordinates"":[]}"
00000000000000001445,Schuylkill,1.3794530179245013E8,"{""type"":""MultiPoint"",""coordinates"":[]}"
00000000000000000a5b,Scituate,8.491806425456016E7,"{""type"":""MultiPoint"",""coordinates"":[]}"
000000000000000011bf,Scituate,1.0522183254015645E8,"{""type"":""MultiPoint"",""coordinates"":[]}"
00000000000000000809,Scotch Plains,6.6784934117659196E7,"{""type"":""MultiPoint"",""coordinates"":[]}"
000000000000000011d3,Scotchtown,4.803174228345798E7,"{""type"":""MultiPoint"",""coordinates"":[]}"
00000000000000000b56,Scott,991377.1200700646,"{""type"":""MultiPoint"",""coordinates"":[]}"
0000000000000000117b,Scottdale,1.0083344250460269E8,"{""type"":""MultiPoint"",""coordinates"":[]}"
00000000000000000f8c,Scotts Valley,2.828468810883875E8,"{""type"":""MultiPoint"",""coordinates"":[]}"
00000000000000000d75,Scottsbluff,3.969997601400234E7,"{""type"":""MultiPoint"",""coordinates"":[]}"
00000000000000000caf,Scottsboro,2.6394231284030142E8,"{""type"":""MultiPoint"",""coordinates"":[]}"
000000000000000000bb,Scottsdale,7936271.926136063,"{""type"":""MultiPoint"",""coordinates"":[]}"
00000000000000000075,Scranton,1.375883866014327E7,"{""type"":""MultiPoint"",""coordinates"":[]}"
00000000000000000650,SeaTac,1.2217308515679691E7,"{""type"":""MultiPoint"",""coordinates"":[]}"
00000000000000000a2c,Seabrook,1.609117584041519E8,"{""type"":""MultiPoint"",""coordinates"":[]}"
00000000000000000e46,Seabrook,5.831711897902125E7,"{""type"":""MultiPoint"",""coordinates"":[]}"
00000000000000000c7c,Seaford,1.4671427786135152E7,"{""type"":""MultiPoint"",""coordinates"":[]}"
00000000000000000a9e,Seagoville,1.2694058877139634E8,"{""type"":""MultiPoint"",""coordinates"":[]}"
000000000000000007eb,Seal Beach,1.6722252496773466E7,"{""type"":""MultiPoint"",""coordinates"":[]}"
000000000000000008b7,Searcy,2.4443278301512063E8,"{""type"":""MultiPoint"",""coordinates"":[]}"
0000000000000000016e,Seaside,7.122901398217817E7,"{""type"":""MultiPoint"",""coordinates"":[]}"
0000000000000000000c,Seattle,1061523.3938712624,"{""type"":""MultiPoint"",""coordinates"":[]}"
000000000000000007d1,Sebastian,1.4969192074440068E8,"{""type"":""MultiPoint"",""coordinates"":[]}"
000000000000000010e4,Sebring,1.7586295395209092E8,"{""type"":""MultiPoint"",""coordinates"":[]}"
0000000000000000094b,Secaucus,1.3215562841624811E7,"{""type"":""MultiPoint"",""coordinates"":[]}"
000000000000000004e2,Security-Widefield,1085804.1503979552,"{""type"":""MultiPoint"",""coordinates"":[]}"
00000000000000000930,Sedalia,1.477182782003974E8,"{""type"":""MultiPoint"",""coordinates"":[]}"
000000000000000012c0,Sedona,1.276447737677389E7,"{""type"":""MultiPoint"",""coordinates"":[]}"
00000000000000000f51,Sedro-Woolley,3072520.0848333924,"{""type"":""MultiPoint"",""coordinates"":[]}"
00000000000000000cbc,Seekonk,1.546194978395975E8,"{""type"":""MultiPoint"",""coordinates"":[]}"
0000000000000000149d,Seffner,1.9048229475377178E8,"{""type"":""MultiPoint"",""coordinates"":[]}"
00000000000000000670,Seguin,3.859520684075765E7,"{""type"":""MultiPoint"",""coordinates"":[]}"
00000000000000000932,Selden,1.0546855847272825E8,"{""type"":""MultiPoint"",""coordinates"":[]}"
0000000000000000127f,Sellersburg,2.2102093606231463E8,"{""type"":""MultiPoint"",""coordinates"":[]}"
00000000000000000816,Selma,8.763017426699476E7,"{""type"":""MultiPoint"",""coordinates"":[]}"
00000000000000000b24,Selma,3.0653049973376524E8,"{""type"":""MultiPoint"",""coordinates"":[]}"
000000000000000010c9,Selma,2.5135643322154753E7,"{""type"":""MultiPoint"",""coordinates"":[]}"
00000000000000000a35,Seminole,4.745104683282709E7,"{""type"":""MultiPoint"",""coordinates"":[]}"
00000000000000001430,Seneca,2.34732537494555E8,"{""type"":""MultiPoint"",""coordinates"":[]}"
000000000000000013e7,Seneca Falls,0.0,"{""type"":""MultiPoint"",""coordinates"":[]}"
00000000000000001398,Seven Corners,1.0238239187447996E8,"{""type"":""MultiPoint"",""coordinates"":[]}"
0000000000000000101d,Seven Hills,7274786.046317456,"{""type"":""MultiPoint"",""coordinates"":[]}"
00000000000000000c83,Seven Oaks,2.041952087160871E8,"{""type"":""MultiPoint"",""coordinates"":[]}"
000000000000000014be,Severance,4.413589589209135E7,"{""type"":""MultiPoint"",""coordinates"":[]}"
00000000000000000377,Severn,1.8905851813673547E8,"{""type"":""MultiPoint"",""coordinates"":[]}"
000000000000000004ba,Severna Park,1.8986986391204637E8,"{""type"":""MultiPoint"",""coordinates"":[]}"
00000000000000000b13,Sevierville,2.9085015936619765E8,"{""type"":""MultiPoint"",""coordinates"":[]}"
00000000000000000954,Seymour,5.511031154675897E7,"{""type"":""MultiPoint"",""coordinates"":[]}"
00000000000000000c4e,Seymour,3.409403096755539E8,"{""type"":""MultiPoint"",""coordinates"":[]}"
0000000000000000100d,Shady Hills,1.8031927675074655E8,"{""type"":""MultiPoint"",""coordinates"":[]}"
000000000000000009dc,Shafter,9.690076575141929E7,"{""type"":""MultiPoint"",""coordinates"":[]}"
000000000000000006ba,Shaker Heights,660200.7033010744,"{""type"":""MultiPoint"",""coordinates"":[]}"
0000000000000000045b,Shakopee,5683.267425537109,"{""type"":""MultiPoint"",""coordinates"":[]}"
000000000000000006f9,Shaler,6903274.071603562,"{""type"":""MultiPoint"",""coordinates"":[]}"
00000000000000000ac3,Sharon,1.3932184588406998E8,"{""type"":""MultiPoint"",""coordinates"":[]}"
00000000000000000ea9,Sharon,4.023462112678184E7,"{""type"":""MultiPoint"",""coordinates"":[]}"
00000000000000000ddd,Sharonville,1.5627522615004548E8,"{""type"":""MultiPoint"",""coordinates"":[]}"
000000000000000011d0,Shasta Lake,1.0423415413407028E8,"{""type"":""MultiPoint"",""coordinates"":[]}"
00000000000000000e55,Shawangunk,5.2721062960211344E7,"{""type"":""MultiPoint"",""coordinates"":[]}"
0000000000000000137d,Shawano,5509738.543365556,"{""type"":""MultiPoint"",""coordinates"":[]}"
000000000000000002e5,Shawnee,1.4509505835358575E8,"{""type"":""MultiPoint"",""coordinates"":[]}"
00000000000000000632,Shawnee,1.3382214947814897E8,"{""type"":""MultiPoint"",""coordinates"":[]}"
0000000000000000029c,Sheboygan,1138931.462103331,"{""type"":""MultiPoint"",""coordinates"":[]}"
00000000000000001353,Sheffield,1.858362945044014E8,"{""type"":""MultiPoint"",""coordinates"":[]}"
000000000000000013fc,Sheffield Lake,1.5982798208684433E7,"{""type"":""MultiPoint"",""coordinates"":[]}"
00000000000000000935,Shelby,1.3813752823661277E8,"{""type"":""MultiPoint"",""coordinates"":[]}"
0000000000000000086c,Shelbyville,2.786870596137598E8,"{""type"":""MultiPoint"",""coordinates"":[]}"
00000000000000000a10,Shelbyville,3029417.823234947,"{""type"":""MultiPoint"",""coordinates"":[]}"
00000000000000000b7b,Shelbyville,2.788296569809983E8,"{""type"":""MultiPoint"",""coordinates"":[]}"
000000000000000004a1,Shelton,2.4272401925874215E8,"{""type"":""MultiPoint"",""coordinates"":[]}"
0000000000000000119f,Shelton,1.2154157781567382E7,"{""type"":""MultiPoint"",""coordinates"":[]}"
00000000000000000ab2,Shenandoah,1.619532198319667E8,"{""type"":""MultiPoint"",""coordinates"":[]}"
00000000000000000dc5,Shepherdsville,3.301932186412633E8,"{""type"":""MultiPoint"",""coordinates"":[]}"
00000000000000000a82,Sheridan,595063.1383895874,"{""type"":""MultiPoint"",""coordinates"":[]}"
000000000000000002c9,Sherman,1.403385093093437E8,"{""type"":""MultiPoint"",""coordinates"":[]}"
00000000000000000a3c,Sherrelwood,1.1886236023458088E7,"{""type"":""MultiPoint"",""coordinates"":[]}"
000000000000000005ee,Sherwood,2.5302453075160894E8,"{""type"":""MultiPoint"",""coordinates"":[]}"
000000000000000009cf,Sherwood,9121443.051703602,"{""type"":""MultiPoint"",""coordinates"":[]}"
00000000000000000df7,Shiloh,1.4325934849183166E8,"{""type"":""MultiPoint"",""coordinates"":[]}"
00000000000000001086,Shiloh,5.0598022572591186E7,"{""type"":""MultiPoint"",""coordinates"":[]}"
00000000000000001189,Shiloh,8.782195135983229E7,"{""type"":""MultiPoint"",""coordinates"":[]}"
00000000000000000764,Shirley,6.288701515011847E7,"{""type"":""MultiPoint"",""coordinates"":[]}"
00000000000000000ca7,Shively,1.8453818285068733E8,"{""type"":""MultiPoint"",""coordinates"":[]}"
0000000000000000035a,Shoreline,333081.89473724365,"{""type"":""MultiPoint"",""coordinates"":[]}"
0000000000000000074b,Shoreview,352.7750244140625,"{""type"":""MultiPoint"",""coordinates"":[]}"
00000000000000000afe,Shorewood,9409238.317722538,"{""type"":""MultiPoint"",""coordinates"":[]}"
00000000000000000e26,Shorewood,224013.0795059204,"{""type"":""MultiPoint"",""coordinates"":[]}"
00000000000000000d78,Short Hills,7.250091494043662E7,"{""type"":""MultiPoint"",""coordinates"":[]}"
000000000000000006e3,Short Pump,2.6847469271929955E8,"{""type"":""MultiPoint"",""coordinates"":[]}"
00000000000000000ffe,Show Low,4439091.14231343,"{""type"":""MultiPoint"",""coordinates"":[]}"
0000000000000000009d,Shreveport,1.899685167820008E8,"{""type"":""MultiPoint"",""coordinates"":[]}"
000000000000000004f2,Shrewsbury,3.66718213841019E7,"{""type"":""MultiPoint"",""coordinates"":[]}"
0000000000000000042e,Sicklerville,2.2003805677389085E8,"{""type"":""MultiPoint"",""coordinates"":[]}"
000000000000000009c7,Sidney,3.2071109870875604E7,"{""type"":""MultiPoint"",""coordinates"":[]}"
000000000000000010b1,Sierra Madre,7.768864300243796E7,"{""type"":""MultiPoint"",""coordinates"":[]}"
0000000000000000043d,Sierra Vista,6534245.585073849,"{""type"":""MultiPoint"",""coordinates"":[]}"
00000000000000000d8b,Sierra Vista Southeast,1.4077206076105807E7,"{""type"":""MultiPoint"",""coordinates"":[]}"
0000000000000000101e,Signal Hill,1.2390243710968655E7,"{""type"":""MultiPoint"",""coordinates"":[]}"
00000000000000001431,Signal Mountain,3.367911836011988E8,"{""type"":""MultiPoint"",""coordinates"":[]}"
00000000000000000c44,Sikeston,2.8665331374050368E7,"{""type"":""MultiPoint"",""coordinates"":[]}"
00000000000000000b43,Siloam Springs,2.937079032210707E8,"{""type"":""MultiPoint"",""coordinates"":[]}"
000000000000000012dc,Silver City,2071452.0165773253,"{""type"":""MultiPoint"",""coordinates"":[]}"
000000000000000008ff,Silver Firs,109019.35867937873,"{""type"":""MultiPoint"",""coordinates"":[]}"
00000000000000000248,Silver Spring,9.231009529787226E7,"{""type"":""MultiPoint"",""coordinates"":[]}"
00000000000000000a12,Silver Spring,1.466509881924317E7,"{""type"":""MultiPoint"",""coordinates"":[]}"
000000000000000007bc,Silver Springs Shores,2.3096631092668805E8,"{""type"":""MultiPoint"",""coordinates"":[]}"
0000000000000000092f,Silverdale,4368289.574432643,"{""type"":""MultiPoint"",""coordinates"":[]}"
000000000000000011b1,Silverton,3.0719662107833907E7,"{""type"":""MultiPoint"",""coordinates"":[]}"
00000000000000000167,Simi Valley,3.136652991333721E7,"{""type"":""MultiPoint"",""coordinates"":[]}"
00000000000000000846,Simpsonville,1.014054322316985E8,"{""type"":""MultiPoint"",""coordinates"":[]}"
000000000000000001a2,Sioux City,2.7163674612533785E7,"{""type"":""MultiPoint"",""coordinates"":[]}"
000000000000000000db,Sioux Falls,806546.1021558581,"{""type"":""MultiPoint"",""coordinates"":[]}"
0000000000000000135d,Skidaway Island,6.899581549733822E7,"{""type"":""MultiPoint"",""coordinates"":[]}"
00000000000000000d85,Skippack,1.2012336851356326E8,"{""type"":""MultiPoint"",""coordinates"":[]}"
000000000000000002ef,Skokie,5532381.223719787,"{""type"":""MultiPoint"",""coordinates"":[]}"
0000000000000000149a,Skowhegan,5180.484161376953,"{""type"":""MultiPoint"",""coordinates"":[]}"
000000000000000011c5,Sleepy Hollow,1.1362785336245118E8,"{""type"":""MultiPoint"",""coordinates"":[]}"
000000000000000001ea,Slidell,1.842429533005188E8,"{""type"":""MultiPoint"",""coordinates"":[]}"
0000000000000000090e,Smithfield,9.160167432232423E7,"{""type"":""MultiPoint"",""coordinates"":[]}"
00000000000000000e30,Smithfield,6514234.0022603925,"{""type"":""MultiPoint"",""coordinates"":[]}"
0000000000000000104a,Smithfield,2.482939216423295E8,"{""type"":""MultiPoint"",""coordinates"":[]}"
00000000000000001492,Smithfield,1.7800178469474286E8,"{""type"":""MultiPoint"",""coordinates"":[]}"
0000000000000000018b,Smithtown,5.125767210236806E7,"{""type"":""MultiPoint"",""coordinates"":[]}"
000000000000000011bc,Smithville,1.3041915363971014E8,"{""type"":""MultiPoint"",""coordinates"":[]}"
0000000000000000139f,Smithville,1.0071373680132914E8,"{""type"":""MultiPoint"",""coordinates"":[]}"
0000000000000000037f,Smyrna,1.8082775633596665E8,"{""type"":""MultiPoint"",""coordinates"":[]}"
000000000000000003a1,Smyrna,1.599843470612304E8,"{""type"":""MultiPoint"",""coordinates"":[]}"
00000000000000000ee9,Smyrna,1.7858329674075326E8,"{""type"":""MultiPoint"",""coordinates"":[]}"
00000000000000000987,Snellville,1.4123413067445874E8,"{""type"":""MultiPoint"",""coordinates"":[]}"
00000000000000001227,Snohomish,273847.35737247847,"{""type"":""MultiPoint"",""coordinates"":[]}"
00000000000000000e17,Snoqualmie,5900383.903520023,"{""type"":""MultiPoint"",""coordinates"":[]}"
00000000000000001075,Snyder,1758603.0862635593,"{""type"":""MultiPoint"",""coordinates"":[]}"
00000000000000000820,Socastee,2.10420702197372E8,"{""type"":""MultiPoint"",""coordinates"":[]}"
0000000000000000056e,Socorro,3875123.122862094,"{""type"":""MultiPoint"",""coordinates"":[]}"
00000000000000001499,Socorro,4394147.382954436,"{""type"":""MultiPoint"",""coordinates"":[]}"
00000000000000000eb4,Soddy-Daisy,3.1680305512181973E8,"{""type"":""MultiPoint"",""coordinates"":[]}"
00000000000000000ed4,Solana Beach,2.8741910015074775E7,"{""type"":""MultiPoint"",""coordinates"":[]}"
00000000000000001472,Solebury,1.7688633002436954E8,"{""type"":""MultiPoint"",""coordinates"":[]}"
00000000000000000805,Soledad,2.031864671954214E7,"{""type"":""MultiPoint"",""coordinates"":[]}"
0000000000000000084f,Solon,9834959.005953202,"{""type"":""MultiPoint"",""coordinates"":[]}"
0000000000000000095c,Somers,2.0386490556578976E8,"{""type"":""MultiPoint"",""coordinates"":[]}"
000000000000000011a0,Somers Point,7.862152658266398E7,"{""type"":""MultiPoint"",""coordinates"":[]}"
0000000000000000083f,Somerset,7.825802756487624E7,"{""type"":""MultiPoint"",""coordinates"":[]}"
00000000000000000ae4,Somerset,1.7658480341162783E8,"{""type"":""MultiPoint"",""coordinates"":[]}"
00000000000000000fc7,Somerset,3.1235051242099535E8,"{""type"":""MultiPoint"",""coordinates"":[]}"
00000000000000000fca,Somersworth,431444.85420011624,"{""type"":""MultiPoint"",""coordinates"":[]}"
00000000000000000da4,Somerton,3.413568430156337E7,"{""type"":""MultiPoint"",""coordinates"":[]}"
00000000000000000252,Somerville,1.0023230469317416E7,"{""type"":""MultiPoint"",""coordinates"":[]}"
00000000000000000f52,Somerville,1.4377134761325896E8,"{""type"":""MultiPoint"",""coordinates"":[]}"
00000000000000001149,Sonoma,1.1558034829205716E8,"{""type"":""MultiPoint"",""coordinates"":[]}"
00000000000000001199,Soquel,1.9138200406274801E8,"{""type"":""MultiPoint"",""coordinates"":[]}"
0000000000000000131f,South Abington,1.4812907889670163E7,"{""type"":""MultiPoint"",""coordinates"":[]}"
0000000000000000134d,South Amboy,3.887592133997418E7,"{""type"":""MultiPoint"",""coordinates"":[]}"
000000000000000000a1,South Bend,3135.2257766723633,"{""type"":""MultiPoint"",""coordinates"":[]}"
000000000000000007b8,South Bradenton,8.396476480764659E7,"{""type"":""MultiPoint"",""coordinates"":[]}"
0000000000000000041e,South Brunswick,1.554745123865651E8,"{""type"":""MultiPoint"",""coordinates"":[]}"
000000000000000009d8,South Burlington,0.0,"{""type"":""MultiPoint"",""coordinates"":[]}"
00000000000000000e4f,South Charleston,8.1905758356772E7,"{""type"":""MultiPoint"",""coordinates"":[]}"
00000000000000000eab,South Daytona,1.0691711822502525E8,"{""type"":""MultiPoint"",""coordinates"":[]}"
00000000000000000a0f,South El Monte,2.779952242379549E7,"{""type"":""MultiPoint"",""coordinates"":[]}"
00000000000000000860,South Elgin,3.955089926992378E7,"{""type"":""MultiPoint"",""coordinates"":[]}"
00000000000000000933,South Euclid,616583.7443551755,"{""type"":""MultiPoint"",""coordinates"":[]}"
00000000000000000d11,South Farmingdale,1.8901336748375136E7,"{""type"":""MultiPoint"",""coordinates"":[]}"
00000000000000000af3,South Fayette,2096101.366855128,"{""type"":""MultiPoint"",""coordinates"":[]}"
000000000000000001b0,South Fulton,2.1920975801893657E8,"{""type"":""MultiPoint"",""coordinates"":[]}"
000000000000000001fe,South Gate,6960095.997640273,"{""type"":""MultiPoint"",""coordinates"":[]}"
00000000000000000b90,South Hadley,2.0250253952224538E8,"{""type"":""MultiPoint"",""coordinates"":[]}"
000000000000000002e4,South Hill,1.6849677393463273E7,"{""type"":""MultiPoint"",""coordinates"":[]}"
0000000000000000095e,South Holland,6268697.82110823,"{""type"":""MultiPoint"",""coordinates"":[]}"
00000000000000000c3c,South Houston,5.982343657106054E7,"{""type"":""MultiPoint"",""coordinates"":[]}"
000000000000000011eb,South Huntington,6.234101912039405E7,"{""type"":""MultiPoint"",""coordinates"":[]}"
0000000000000000026d,South Jordan,1.6953078709166557E7,"{""type"":""MultiPoint"",""coordinates"":[]}"
00000000000000000617,South Kingstown,1.67594509263699E8,"{""type"":""MultiPoint"",""coordinates"":[]}"
00000000000000000958,South Lake Tahoe,5884303.900008916,"{""type"":""MultiPoint"",""coordinates"":[]}"
000000000000000006e1,South Laurel,1.9039446210424885E8,"{""type"":""MultiPoint"",""coordinates"":[]}"
000000000000000011b9,South Lebanon,1.2900268173497984E8,"{""type"":""MultiPoint"",""coordinates"":[]}"
00000000000000001465,South Londonderry,7.437166899170612E7,"{""type"":""MultiPoint"",""coordinates"":[]}"
00000000000000000127,South Lyon,5242.825712316177,"{""type"":""MultiPoint"",""coordinates"":[]}"
00000000000000000fd2,South Miami,7.320355433542098E7,"{""type"":""MultiPoint"",""coordinates"":[]}"
0000000000000000055c,South Miami Heights,1.2114269892783926E8,"{""type"":""MultiPoint"",""coordinates"":[]}"
00000000000000000c2f,South Middleton,1.5814723916917238E7,"{""type"":""MultiPoint"",""coordinates"":[]}"
0000000000000000099e,South Milwaukee,48018.77268218994,"{""type"":""MultiPoint"",""coordinates"":[]}"
00000000000000000b58,South Ogden,2.0058743831890285E7,"{""type"":""MultiPoint"",""coordinates"":[]}"
00000000000000000ae7,South Orange Village,4.811010384022111E7,"{""type"":""MultiPoint"",""coordinates"":[]}"
00000000000000000e2a,South Park,382260.7161674051,"{""type"":""MultiPoint"",""coordinates"":[]}"
0000000000000000075a,South Pasadena,3.951186020999851E7,"{""type"":""MultiPoint"",""coordinates"":[]}"
0000000000000000083a,South Plainfield,5.193567456822291E7,"{""type"":""MultiPoint"",""coordinates"":[]}"
00000000000000000754,South Portland,980144.1057822437,"{""type"":""MultiPoint"",""coordinates"":[]}"
000000000000000005d1,South Riding,1.7627450158680534E8,"{""type"":""MultiPoint"",""coordinates"":[]}"
00000000000000000c4d,South River,9.846064894762374E7,"{""type"":""MultiPoint"",""coordinates"":[]}"
00000000000000000772,South Salt Lake,1.1252686936042907E7,"{""type"":""MultiPoint"",""coordinates"":[]}"
00000000000000000301,South San Francisco,4.215305959940345E7,"{""type"":""MultiPoint"",""coordinates"":[]}"
00000000000000000a95,South San Jose Hills,5.388900187672751E7,"{""type"":""MultiPoint"",""coordinates"":[]}"
00000000000000000e07,South Sioux City,3.066652538401156E7,"{""type"":""MultiPoint"",""coordinates"":[]}"
000000000000000009a9,South St. Paul,3825.106285095215,"{""type"":""MultiPoint"",""coordinates"":[]}"
000000000000000012e9,South Strabane,2454263.820272438,"{""type"":""MultiPoint"",""coordinates"":[]}"
0000000000000000112a,South Union,1917.3574905395508,"{""type"":""MultiPoint"",""coordinates"":[]}"
0000000000000000051e,South Valley,8021019.576299952,"{""type"":""MultiPoint"",""coordinates"":[]}"
00000000000000000b5b,South Venice,8.186836752890639E7,"{""type"":""MultiPoint"",""coordinates"":[]}"
00000000000000000976,South Whitehall,6.4232769852046646E7,"{""type"":""MultiPoint"",""coordinates"":[]}"
0000000000000000036c,South Whittier,3.087393291149112E7,"{""type"":""MultiPoint"",""coordinates"":[]}"
00000000000000000ff1,South Yarmouth,3.2301909413293224E7,"{""type"":""MultiPoint"",""coordinates"":[]}"
000000000000000002d9,Southampton,3.765978109413874E7,"{""type"":""MultiPoint"",""coordinates"":[]}"
000000000000000011ea,Southampton,2.2671916349235076E8,"{""type"":""MultiPoint"",""coordinates"":[]}"
000000000000000014c0,Southampton,6.174199389383179E7,"{""type"":""MultiPoint"",""coordinates"":[]}"
0000000000000000038e,Southaven,1.5117592396144852E8,"{""type"":""MultiPoint"",""coordinates"":[]}"
000000000000000011b8,Southborough,5.559185661339847E7,"{""type"":""MultiPoint"",""coordinates"":[]}"
00000000000000000b3a,Southbridge,1.0372706558104871E8,"{""type"":""MultiPoint"",""coordinates"":[]}"
00000000000000000cac,Southchase,1.1890304088609312E8,"{""type"":""MultiPoint"",""coordinates"":[]}"
00000000000000000b03,Southeast,2.2808571291333336E8,"{""type"":""MultiPoint"",""coordinates"":[]}"
00000000000000000c9b,Southern Pines,2.1020525395138925E8,"{""type"":""MultiPoint"",""coordinates"":[]}"
00000000000000000282,Southfield,43504.25864545037,"{""type"":""MultiPoint"",""coordinates"":[]}"
0000000000000000067e,Southgate,6546663.053506559,"{""type"":""MultiPoint"",""coordinates"":[]}"
00000000000000000659,Southlake,7.52628385939314E7,"{""type"":""MultiPoint"",""coordinates"":[]}"
0000000000000000086a,Southold,8.664842408166265E7,"{""type"":""MultiPoint"",""coordinates"":[]}"
000000000000000012f7,Southport,10533.765228271484,"{""type"":""MultiPoint"",""coordinates"":[]}"
00000000000000001346,Southside,2.928843354586553E8,"{""type"":""MultiPoint"",""coordinates"":[]}"
00000000000000001376,Southwick,2.705242029555568E7,"{""type"":""MultiPoint"",""coordinates"":[]}"
000000000000000005b4,Spanaway,4702794.548295081,"{""type"":""MultiPoint"",""coordinates"":[]}"
00000000000000000478,Spanish Fork,4.637506737205227E7,"{""type"":""MultiPoint"",""coordinates"":[]}"
0000000000000000123b,Spanish Fort,2.4366763390611723E8,"{""type"":""MultiPoint"",""coordinates"":[]}"
00000000000000000b07,Spanish Lake,1.4200444255365202E8,"{""type"":""MultiPoint"",""coordinates"":[]}"
00000000000000000c09,Spanish Springs,1277476.4781557869,"{""type"":""MultiPoint"",""coordinates"":[]}"
000000000000000001af,Sparks,6215327.378438942,"{""type"":""MultiPoint"",""coordinates"":[]}"
00000000000000000a05,Sparta,7.543168953580745E7,"{""type"":""MultiPoint"",""coordinates"":[]}"
00000000000000001281,Sparta,3487836.67607757,"{""type"":""MultiPoint"",""coordinates"":[]}"
000000000000000000e4,Spartanburg,8.981723923395078E7,"{""type"":""MultiPoint"",""coordinates"":[]}"
00000000000000000f85,Spearfish,4698836.618362451,"{""type"":""MultiPoint"",""coordinates"":[]}"
00000000000000000e34,Speedway,5510187.198823826,"{""type"":""MultiPoint"",""coordinates"":[]}"
00000000000000000fd1,Spencer,8.44778011877053E7,"{""type"":""MultiPoint"",""coordinates"":[]}"
00000000000000001080,Spencer,427853.2993720559,"{""type"":""MultiPoint"",""coordinates"":[]}"
0000000000000000005f,Spokane,949912.9563666249,"{""type"":""MultiPoint"",""coordinates"":[]}"
000000000000000001c3,Spokane Valley,427883.07583333936,"{""type"":""MultiPoint"",""coordinates"":[]}"
000000000000000011c8,Spout Springs,2.4605580948845288E8,"{""type"":""MultiPoint"",""coordinates"":[]}"
0000000000000000030f,Spring,1.4671042969260255E8,"{""type"":""MultiPoint"",""coordinates"":[]}"
000000000000000006e0,Spring,1.0902737603676726E8,"{""type"":""MultiPoint"",""coordinates"":[]}"
00000000000000000d0b,Spring Creek,200086.1951751709,"{""type"":""MultiPoint"",""coordinates"":[]}"
00000000000000000e3a,Spring Garden,6.597351953167375E7,"{""type"":""MultiPoint"",""coordinates"":[]}"
000000000000000000fc,Spring Hill,1.699395838150087E8,"{""type"":""MultiPoint"",""coordinates"":[]}"
000000000000000002bd,Spring Hill,2.293242630315491E8,"{""type"":""MultiPoint"",""coordinates"":[]}"
00000000000000001011,Spring Lake,2.0676944488992342E8,"{""type"":""MultiPoint"",""coordinates"":[]}"
000000000000000000cc,Spring Valley,7479462.603685898,"{""type"":""MultiPoint"",""coordinates"":[]}"
000000000000000005e8,Spring Valley,5.3952421205791175E7,"{""type"":""MultiPoint"",""coordinates"":[]}"
000000000000000005f9,Spring Valley,1.4046111428791603E7,"{""type"":""MultiPoint"",""coordinates"":[]}"
00000000000000001450,Spring Valley Lake,4090605.6227094163,"{""type"":""MultiPoint"",""coordinates"":[]}"
00000000000000000a42,Springboro,1.6562038873179957E8,"{""type"":""MultiPoint"",""coordinates"":[]}"
00000000000000000222,Springdale,2.3043937300197986E8,"{""type"":""MultiPoint"",""coordinates"":[]}"
00000000000000000ce4,Springdale,1.7416619671001446E8,"{""type"":""MultiPoint"",""coordinates"":[]}"
000000000000000010ea,Springdale,1.486889557331491E8,"{""type"":""MultiPoint"",""coordinates"":[]}"
0000000000000000073d,Springettsbury,5.334769799761585E7,"{""type"":""MultiPoint"",""coordinates"":[]}"
00000000000000000065,Springfield,8.56989867704538E7,"{""type"":""MultiPoint"",""coordinates"":[]}"
0000000000000000009b,Springfield,2.25121332320629E8,"{""type"":""MultiPoint"",""coordinates"":[]}"
0000000000000000011b,Springfield,1.178551236283816E8,"{""type"":""MultiPoint"",""coordinates"":[]}"
0000000000000000024a,Springfield,1.2931290885779881E8,"{""type"":""MultiPoint"",""coordinates"":[]}"
0000000000000000032d,Springfield,6.5277349221650094E7,"{""type"":""MultiPoint"",""coordinates"":[]}"
00000000000000000649,Springfield,1.703230011128455E8,"{""type"":""MultiPoint"",""coordinates"":[]}"
000000000000000007f3,Springfield,9.39463961970694E7,"{""type"":""MultiPoint"",""coordinates"":[]}"
00000000000000000997,Springfield,1.2546535121518835E8,"{""type"":""MultiPoint"",""coordinates"":[]}"
00000000000000000a88,Springfield,2.3978017831282127E8,"{""type"":""MultiPoint"",""coordinates"":[]}"
00000000000000000ba6,Springfield,6.954847344280942E7,"{""type"":""MultiPoint"",""coordinates"":[]}"
000000000000000013ba,Springfield,1219087.2361520804,"{""type"":""MultiPoint"",""coordinates"":[]}"
00000000000000001396,Springs,7.971701404371588E7,"{""type"":""MultiPoint"",""coordinates"":[]}"
00000000000000000578,Springville,3.711630263991142E7,"{""type"":""MultiPoint"",""coordinates"":[]}"
00000000000000001135,St. Albans,7.553095017123725E7,"{""type"":""MultiPoint"",""coordinates"":[]}"
0000000000000000091e,St. Andrews,2.1470006874113256E8,"{""type"":""MultiPoint"",""coordinates"":[]}"
00000000000000000edf,St. Ann,1.3175808781346494E8,"{""type"":""MultiPoint"",""coordinates"":[]}"
00000000000000001351,St. Anthony,1556.8662948608398,"{""type"":""MultiPoint"",""coordinates"":[]}"
000000000000000001de,St. Augustine,1.2556102198875597E8,"{""type"":""MultiPoint"",""coordinates"":[]}"
00000000000000001291,St. Augustine Shores,1.7400328849356505E8,"{""type"":""MultiPoint"",""coordinates"":[]}"
000000000000000002bb,St. Charles,9.921861186106232E7,"{""type"":""MultiPoint"",""coordinates"":[]}"
000000000000000005ec,St. Charles,2.958953982922988E7,"{""type"":""MultiPoint"",""coordinates"":[]}"
0000000000000000035b,St. Clair Shores,381753.1993074903,"{""type"":""MultiPoint"",""coordinates"":[]}"
00000000000000000188,St. Cloud,10299.172416687012,"{""type"":""MultiPoint"",""coordinates"":[]}"
0000000000000000034a,St. Cloud,1.7492654271758878E8,"{""type"":""MultiPoint"",""coordinates"":[]}"
0000000000000000135f,St. Francis,47872.252433776855,"{""type"":""MultiPoint"",""coordinates"":[]}"
00000000000000000133,St. George,7785589.001593169,"{""type"":""MultiPoint"",""coordinates"":[]}"
00000000000000000ddf,St. Helens,2.7640601911444332E7,"{""type"":""MultiPoint"",""coordinates"":[]}"
00000000000000000e1e,St. James,5.856588270623057E7,"{""type"":""MultiPoint"",""coordinates"":[]}"
0000000000000000099a,St. John,1.1328181314063696E7,"{""type"":""MultiPoint"",""coordinates"":[]}"
0000000000000000028a,St. Joseph,8.923189670714235E7,"{""type"":""MultiPoint"",""coordinates"":[]}"
00000000000000000017,St. Louis,7.994338937476856E7,"{""type"":""MultiPoint"",""coordinates"":[]}"
000000000000000003e2,St. Louis Park,0.0,"{""type"":""MultiPoint"",""coordinates"":[]}"
00000000000000000abd,St. Marys,1.5385174317582572E8,"{""type"":""MultiPoint"",""coordinates"":[]}"
00000000000000000f0d,St. Marys,788003.7299802892,"{""type"":""MultiPoint"",""coordinates"":[]}"
00000000000000000b54,St. Matthews,1.7780245034365404E8,"{""type"":""MultiPoint"",""coordinates"":[]}"
00000000000000000aa0,St. Michael,211.63407135009766,"{""type"":""MultiPoint"",""coordinates"":[]}"
0000000000000000008e,St. Paul,2903.447196960449,"{""type"":""MultiPoint"",""coordinates"":[]}"
00000000000000001416,St. Pete Beach,2.4835200130075566E7,"{""type"":""MultiPoint"",""coordinates"":[]}"
00000000000000000fb9,St. Peter,43352.593704971616,"{""type"":""MultiPoint"",""coordinates"":[]}"
00000000000000000365,St. Peters,1.2120225430883221E8,"{""type"":""MultiPoint"",""coordinates"":[]}"
000000000000000000b0,St. Petersburg,5.542142125645357E7,"{""type"":""MultiPoint"",""coordinates"":[]}"
00000000000000000c68,St. Simons,5.387347311845135E7,"{""type"":""MultiPoint"",""coordinates"":[]}"
000000000000000012e5,St. Stephens,2.6511322570913303E8,"{""type"":""MultiPoint"",""coordinates"":[]}"
000000000000000006ca,Stafford,4.495935264027676E7,"{""type"":""MultiPoint"",""coordinates"":[]}"
00000000000000000b7a,Stafford,8.37931232054765E7,"{""type"":""MultiPoint"",""coordinates"":[]}"
00000000000000000c34,Stallings,2.696885710737661E8,"{""type"":""MultiPoint"",""coordinates"":[]}"
00000000000000000150,Stamford,2.4436577836427623E8,"{""type"":""MultiPoint"",""coordinates"":[]}"
000000000000000011ad,Standish,2049241.9165447163,"{""type"":""MultiPoint"",""coordinates"":[]}"
00000000000000000b77,Stanford,1.0345153212580001E8,"{""type"":""MultiPoint"",""coordinates"":[]}"
00000000000000001197,Stansbury Park,5031411.907276467,"{""type"":""MultiPoint"",""coordinates"":[]}"
00000000000000000501,Stanton,1.9340810387015067E7,"{""type"":""MultiPoint"",""coordinates"":[]}"
00000000000000000fcd,Star,3.5293031136798635E7,"{""type"":""MultiPoint"",""coordinates"":[]}"
00000000000000000839,Starkville,3.025356810174063E8,"{""type"":""MultiPoint"",""coordinates"":[]}"
0000000000000000023c,State College,32801.78991699219,"{""type"":""MultiPoint"",""coordinates"":[]}"
00000000000000000057,Staten Island,1.859542523047961E7,"{""type"":""MultiPoint"",""coordinates"":[]}"
000000000000000005dc,Statesboro,2.2932313901005867E8,"{""type"":""MultiPoint"",""coordinates"":[]}"
000000000000000006d8,Statesville,2.8950486842639786E8,"{""type"":""MultiPoint"",""coordinates"":[]}"
000000000000000007af,Staunton,1.5223345296026245E8,"{""type"":""MultiPoint"",""coordinates"":[]}"
00000000000000000e94,Steamboat Springs,684.5521774291992,"{""type"":""MultiPoint"",""coordinates"":[]}"
00000000000000001319,Steger,1.9474185772525225E7,"{""type"":""MultiPoint"",""coordinates"":[]}"
00000000000000000b22,Steiner Ranch,3.912779212006848E7,"{""type"":""MultiPoint"",""coordinates"":[]}"
0000000000000000097a,Stephenville,2.114615856076009E7,"{""type"":""MultiPoint"",""coordinates"":[]}"
00000000000000000647,Sterling,1.524862270647683E8,"{""type"":""MultiPoint"",""coordinates"":[]}"
00000000000000000d31,Sterling,3.6168590991235785E7,"{""type"":""MultiPoint"",""coordinates"":[]}"
00000000000000000e59,Sterling,2.3374786505456112E7,"{""type"":""MultiPoint"",""coordinates"":[]}"
00000000000000000157,Sterling Heights,904123.7293406468,"{""type"":""MultiPoint"",""coordinates"":[]}"
00000000000000000af2,Steubenville,3878081.8286331836,"{""type"":""MultiPoint"",""coordinates"":[]}"
000000000000000007b1,Stevens Point,2.5164161774077956E7,"{""type"":""MultiPoint"",""coordinates"":[]}"
000000000000000009b5,Stevenson Ranch,5.2387075433738016E7,"{""type"":""MultiPoint"",""coordinates"":[]}"
000000000000000003f6,Stillwater,1.3139350336851597E8,"{""type"":""MultiPoint"",""coordinates"":[]}"
00000000000000000a31,Stillwater,20705.86003923603,"{""type"":""MultiPoint"",""coordinates"":[]}"
000000000000000013ac,Stillwater,86534.83018493652,"{""type"":""MultiPoint"",""coordinates"":[]}"
000000000000000006cf,Stockbridge,1.4159816639375228E8,"{""type"":""MultiPoint"",""coordinates"":[]}"
00000000000000000069,Stockton,7.37984211890058E7,"{""type"":""MultiPoint"",""coordinates"":[]}"
00000000000000000c56,Stone Ridge,2.0225905756780782E8,"{""type"":""MultiPoint"",""coordinates"":[]}"
00000000000000000351,Stonecrest,1.3414230496263021E8,"{""type"":""MultiPoint"",""coordinates"":[]}"
000000000000000012b8,Stonegate,1.1416162309206964E7,"{""type"":""MultiPoint"",""coordinates"":[]}"
000000000000000008b2,Stoneham,5288695.06351767,"{""type"":""MultiPoint"",""coordinates"":[]}"
00000000000000000f46,Stony Brook,6.2607867202200204E7,"{""type"":""MultiPoint"",""coordinates"":[]}"
00000000000000001455,Stony Brook University,6.4170577829655625E7,"{""type"":""MultiPoint"",""coordinates"":[]}"
00000000000000000d3c,Stony Point,7.053524665629575E7,"{""type"":""MultiPoint"",""coordinates"":[]}"
000000000000000010a1,Storm Lake,2.0813505869868517E7,"{""type"":""MultiPoint"",""coordinates"":[]}"
00000000000000000b47,Storrs,1.0441369730764365E8,"{""type"":""MultiPoint"",""coordinates"":[]}"
000000000000000006c4,Stoughton,1.0322656218594792E8,"{""type"":""MultiPoint"",""coordinates"":[]}"
00000000000000000eb5,Stoughton,5.4052898346223906E7,"{""type"":""MultiPoint"",""coordinates"":[]}"
0000000000000000059d,Stow,4.140474595541227E7,"{""type"":""MultiPoint"",""coordinates"":[]}"
000000000000000004d6,Streamwood,3.9555478610658586E7,"{""type"":""MultiPoint"",""coordinates"":[]}"
00000000000000000f7f,Streator,2.7666069324652486E7,"{""type"":""MultiPoint"",""coordinates"":[]}"
00000000000000000b69,Streetsboro,3.5287025447793774E7,"{""type"":""MultiPoint"",""coordinates"":[]}"
00000000000000000426,Strongsville,1.9578010571021076E7,"{""type"":""MultiPoint"",""coordinates"":[]}"
000000000000000009ff,Stroud,6.523769553556773E7,"{""type"":""MultiPoint"",""coordinates"":[]}"
00000000000000001248,Struthers,1.3502468537012082E7,"{""type"":""MultiPoint"",""coordinates"":[]}"
00000000000000000b41,Stuart,1.1875007235137558E8,"{""type"":""MultiPoint"",""coordinates"":[]}"
00000000000000001045,Stuarts Draft,1.4932027733095473E8,"{""type"":""MultiPoint"",""coordinates"":[]}"
0000000000000000129d,Sturbridge,7.700213338353662E7,"{""type"":""MultiPoint"",""coordinates"":[]}"
000000000000000012e7,Sturgeon Bay,263805.9397506714,"{""type"":""MultiPoint"",""coordinates"":[]}"
000000000000000010d4,Sturgis,0.0,"{""type"":""MultiPoint"",""coordinates"":[]}"
00000000000000000ee6,Suamico,309006.4804840088,"{""type"":""MultiPoint"",""coordinates"":[]}"
000000000000000012a0,Succasunna,1.3525597204357344E8,"{""type"":""MultiPoint"",""coordinates"":[]}"
00000000000000000a71,Sudbury,6.008182403551969E7,"{""type"":""MultiPoint"",""coordinates"":[]}"
00000000000000000a34,Sudley,2.028816357674058E8,"{""type"":""MultiPoint"",""coordinates"":[]}"
00000000000000001077,Suffern,5.729174598448784E7,"{""type"":""MultiPoint"",""coordinates"":[]}"
000000000000000001ee,Suffolk,2.5491555170845348E8,"{""type"":""MultiPoint"",""coordinates"":[]}"
00000000000000001373,Sugar Grove,1.8006391554405116E7,"{""type"":""MultiPoint"",""coordinates"":[]}"
000000000000000007f2,Sugar Hill,1.7163786206028283E8,"{""type"":""MultiPoint"",""coordinates"":[]}"
000000000000000001a7,Sugar Land,1.2234468852290201E8,"{""type"":""MultiPoint"",""coordinates"":[]}"
00000000000000000ef7,Sugarland Run,1.7887639434591544E8,"{""type"":""MultiPoint"",""coordinates"":[]}"
00000000000000001123,Sugarmill Woods,1.937204674941196E8,"{""type"":""MultiPoint"",""coordinates"":[]}"
000000000000000006ac,Suisun City,3.630288122874542E7,"{""type"":""MultiPoint"",""coordinates"":[]}"
0000000000000000079c,Suitland,1.1482964162853317E8,"{""type"":""MultiPoint"",""coordinates"":[]}"
00000000000000000d3a,Sullivan,0.0,"{""type"":""MultiPoint"",""coordinates"":[]}"
0000000000000000095f,Sulphur,1.8705342140497452E8,"{""type"":""MultiPoint"",""coordinates"":[]}"
00000000000000000c5c,Sulphur Springs,2.0066273770430738E8,"{""type"":""MultiPoint"",""coordinates"":[]}"
00000000000000000c6f,Summerfield,1.2476724895784739E8,"{""type"":""MultiPoint"",""coordinates"":[]}"
000000000000000010eb,Summerfield,3.0371197011338615E8,"{""type"":""MultiPoint"",""coordinates"":[]}"
0000000000000000068f,Summerlin South,7418638.97558324,"{""type"":""MultiPoint"",""coordinates"":[]}"
000000000000000003cb,Summerville,2.3971547256449628E8,"{""type"":""MultiPoint"",""coordinates"":[]}"
000000000000000008de,Summit,9.30814022966583E7,"{""type"":""MultiPoint"",""coordinates"":[]}"
000000000000000010d9,Summit,2145440.0597428866,"{""type"":""MultiPoint"",""coordinates"":[]}"
00000000000000001439,Summit,1.28276764816088E7,"{""type"":""MultiPoint"",""coordinates"":[]}"
0000000000000000146a,Summit Park,0.0,"{""type"":""MultiPoint"",""coordinates"":[]}"
00000000000000001458,Summit View,1.3404538864718165E7,"{""type"":""MultiPoint"",""coordinates"":[]}"
00000000000000001173,Sumner,2.8137861502149474E7,"{""type"":""MultiPoint"",""coordinates"":[]}"
000000000000000002b3,Sumter,2.5286851039256075E8,"{""type"":""MultiPoint"",""coordinates"":[]}"
00000000000000000516,Sun City,1.7931210468379334E7,"{""type"":""MultiPoint"",""coordinates"":[]}"
000000000000000006b1,Sun City Center,1.4775291027580765E8,"{""type"":""MultiPoint"",""coordinates"":[]}"
00000000000000000756,Sun City West,1.3091450419228464E7,"{""type"":""MultiPoint"",""coordinates"":[]}"
00000000000000000dc1,Sun Lakes,3.0063851978707228E7,"{""type"":""MultiPoint"",""coordinates"":[]}"
00000000000000000555,Sun Prairie,9.305938755917263E7,"{""type"":""MultiPoint"",""coordinates"":[]}"
000000000000000008cb,Sun Valley,3824199.869472728,"{""type"":""MultiPoint"",""coordinates"":[]}"
0000000000000000105e,Sun Village,7803821.906608851,"{""type"":""MultiPoint"",""coordinates"":[]}"
000000000000000012d5,Sunbury,2.141025721977551E7,"{""type"":""MultiPoint"",""coordinates"":[]}"
00000000000000000bd0,Sunland Park,2458649.7836844954,"{""type"":""MultiPoint"",""coordinates"":[]}"
00000000000000000900,Sunny Isles Beach,2.4243942254475795E7,"{""type"":""MultiPoint"",""coordinates"":[]}"
00000000000000000c20,Sunnyside,1.1071037425579238E8,"{""type"":""MultiPoint"",""coordinates"":[]}"
00000000000000000124,Sunnyvale,3.862838807094434E7,"{""type"":""MultiPoint"",""coordinates"":[]}"
000000000000000001e3,Sunrise,6.001004833064072E7,"{""type"":""MultiPoint"",""coordinates"":[]}"
000000000000000000e6,Sunrise Manor,5120099.6047992455,"{""type"":""MultiPoint"",""coordinates"":[]}"
00000000000000000dfb,Sunset,8.243274603554855E7,"{""type"":""MultiPoint"",""coordinates"":[]}"
000000000000000013a8,Sunset Hills,1.795530973631287E8,"{""type"":""MultiPoint"",""coordinates"":[]}"
0000000000000000075d,Superior,0.0,"{""type"":""MultiPoint"",""coordinates"":[]}"
00000000000000000ea8,Superior,1.3519526056763504E7,"{""type"":""MultiPoint"",""coordinates"":[]}"
00000000000000000139,Surprise,6170060.928552426,"{""type"":""MultiPoint"",""coordinates"":[]}"
00000000000000000c91,Susanville,1.4410898796705568E7,"{""type"":""MultiPoint"",""coordinates"":[]}"
0000000000000000075c,Susquehanna,2.3472001071040563E7,"{""type"":""MultiPoint"",""coordinates"":[]}"
00000000000000001046,Sussex,7483764.368113708,"{""type"":""MultiPoint"",""coordinates"":[]}"
000000000000000014c5,Sutherlin,5.494306907854593E7,"{""type"":""MultiPoint"",""coordinates"":[]}"
00000000000000001348,Sutton,1.2349175580749898E8,"{""type"":""MultiPoint"",""coordinates"":[]}"
00000000000000000969,Suwanee,1.568567761358511E8,"{""type"":""MultiPoint"",""coordinates"":[]}"
00000000000000000cfe,Swampscott,6653685.156792501,"{""type"":""MultiPoint"",""coordinates"":[]}"
00000000000000000b89,Swansea,1.5389606668582582E8,"{""type"":""MultiPoint"",""coordinates"":[]}"
00000000000000000d2a,Swansea,1.6021283443796286E8,"{""type"":""MultiPoint"",""coordinates"":[]}"
00000000000000000717,Swatara,1.6786805364689182E7,"{""type"":""MultiPoint"",""coordinates"":[]}"
00000000000000000e80,Sweden,0.0,"{""type"":""MultiPoint"",""coordinates"":[]}"
00000000000000001299,Sweet Home,8.21369050229294E7,"{""type"":""MultiPoint"",""coordinates"":[]}"
00000000000000000a28,Sweetwater,3.1506865847764574E7,"{""type"":""MultiPoint"",""coordinates"":[]}"
00000000000000001186,Sweetwater,3721242.6175321992,"{""type"":""MultiPoint"",""coordinates"":[]}"
000000000000000014a3,Swissvale,104537.2271270752,"{""type"":""MultiPoint"",""coordinates"":[]}"
00000000000000000af4,Sycamore,6.958998906940109E7,"{""type"":""MultiPoint"",""coordinates"":[]}"
00000000000000000f54,Sylacauga,3.381209455281726E8,"{""type"":""MultiPoint"",""coordinates"":[]}"
00000000000000000a5c,Sylvania,1.5320736675075904E7,"{""type"":""MultiPoint"",""coordinates"":[]}"
00000000000000000a83,Syosset,1.0979540329901145E8,"{""type"":""MultiPoint"",""coordinates"":[]}"
0000000000000000006a,Syracuse,0.0,"{""type"":""MultiPoint"",""coordinates"":[]}"
000000000000000005ea,Syracuse,3.0726868184915934E7,"{""type"":""MultiPoint"",""coordinates"":[]}"
000000000000000000cd,Tacoma,1.3777388936217835E7,"{""type"":""MultiPoint"",""coordinates"":[]}"
00000000000000000c10,Tahlequah,2.736698101655803E8,"{""type"":""MultiPoint"",""coordinates"":[]}"
00000000000000000b50,Takoma Park,8.39619313157487E7,"{""type"":""MultiPoint"",""coordinates"":[]}"
00000000000000000d08,Talladega,3.3409788736180294E8,"{""type"":""MultiPoint"",""coordinates"":[]}"
000000000000000000b1,Tallahassee,1.657138372300209E8,"{""type"":""MultiPoint"",""coordinates"":[]}"
00000000000000000acf,Tallmadge,6.622885064264734E7,"{""type"":""MultiPoint"",""coordinates"":[]}"
00000000000000000f91,Tamalpais-Homestead Valley,9.210285657964805E7,"{""type"":""MultiPoint"",""coordinates"":[]}"
000000000000000002af,Tamarac,4.714411399205991E7,"{""type"":""MultiPoint"",""coordinates"":[]}"
000000000000000003af,Tamiami,3.788174297293189E7,"{""type"":""MultiPoint"",""coordinates"":[]}"
00000000000000000010,Tampa,9.47615708882624E7,"{""type"":""MultiPoint"",""coordinates"":[]}"
000000000000000012d4,Tanaina,0.0,"{""type"":""MultiPoint"",""coordinates"":[]}"
00000000000000000d37,Tanque Verde,3767661.050529839,"{""type"":""MultiPoint"",""coordinates"":[]}"
0000000000000000114e,Tarboro,2.151374445788787E8,"{""type"":""MultiPoint"",""coordinates"":[]}"
000000000000000007c8,Tarpon Springs,9.65913713639957E7,"{""type"":""MultiPoint"",""coordinates"":[]}"
00000000000000000ffb,Tarrytown,1.1978761973345706E8,"{""type"":""MultiPoint"",""coordinates"":[]}"
00000000000000000352,Taunton,2.3178662792491573E8,"{""type"":""MultiPoint"",""coordinates"":[]}"
00000000000000000a56,Tavares,1.3301918260571474E8,"{""type"":""MultiPoint"",""coordinates"":[]}"
0000000000000000031d,Taylor,4098478.0697119916,"{""type"":""MultiPoint"",""coordinates"":[]}"
00000000000000000c02,Taylor,1.945717273447534E7,"{""type"":""MultiPoint"",""coordinates"":[]}"
000000000000000008b1,Taylors,2.0935875476772436E8,"{""type"":""MultiPoint"",""coordinates"":[]}"
0000000000000000034d,Taylorsville,1.4006996055334408E7,"{""type"":""MultiPoint"",""coordinates"":[]}"
00000000000000001085,Taylorville,1.165622062873596E8,"{""type"":""MultiPoint"",""coordinates"":[]}"
0000000000000000049a,Teaneck,3.633701481392667E7,"{""type"":""MultiPoint"",""coordinates"":[]}"
00000000000000000e0c,Teays Valley,3.2442618310155023E7,"{""type"":""MultiPoint"",""coordinates"":[]}"
00000000000000001479,Tecumseh,489801.54562988295,"{""type"":""MultiPoint"",""coordinates"":[]}"
00000000000000000ef8,Tega Cay,2.1242302994898435E8,"{""type"":""MultiPoint"",""coordinates"":[]}"
00000000000000000eef,Tehachapi,2.042178190269612E7,"{""type"":""MultiPoint"",""coordinates"":[]}"
000000000000000001a6,Temecula,4.125484592085361E7,"{""type"":""MultiPoint"",""coordinates"":[]}"
000000000000000006eb,Temescal Valley,4.769295464476308E7,"{""type"":""MultiPoint"",""coordinates"":[]}"
000000000000000000fa,Tempe,9910797.36820513,"{""type"":""MultiPoint"",""coordinates"":[]}"
000000000000000013a7,Temperance,3291246.655207286,"{""type"":""MultiPoint"",""coordinates"":[]}"
0000000000000000017a,Temple,3.804653446739287E7,"{""type"":""MultiPoint"",""coordinates"":[]}"
00000000000000000548,Temple City,3.443804656023026E7,"{""type"":""MultiPoint"",""coordinates"":[]}"
0000000000000000074d,Temple Terrace,1.7432239530714384E8,"{""type"":""MultiPoint"",""coordinates"":[]}"
00000000000000001496,Templeton,9.941097187914073E7,"{""type"":""MultiPoint"",""coordinates"":[]}"
00000000000000000cda,Tenafly,5.9065196060947314E7,"{""type"":""MultiPoint"",""coordinates"":[]}"
000000000000000012b5,Terrace Heights,4.9533807008202344E7,"{""type"":""MultiPoint"",""coordinates"":[]}"
00000000000000000251,Terre Haute,1.3371877428584817E8,"{""type"":""MultiPoint"",""coordinates"":[]}"
00000000000000000b0e,Terrell,9.343275155928858E7,"{""type"":""MultiPoint"",""coordinates"":[]}"
0000000000000000077d,Terrytown,1.1518710455895513E8,"{""type"":""MultiPoint"",""coordinates"":[]}"
00000000000000001111,Terryville,9.822245053605077E7,"{""type"":""MultiPoint"",""coordinates"":[]}"
00000000000000000646,Tewksbury,1417511.2169559256,"{""type"":""MultiPoint"",""coordinates"":[]}"
00000000000000000259,Texarkana,2.4419942655708927E8,"{""type"":""MultiPoint"",""coordinates"":[]}"
000000000000000006a6,Texarkana,2.525898566827485E8,"{""type"":""MultiPoint"",""coordinates"":[]}"
000000000000000003ab,Texas City,7.105757801954623E7,"{""type"":""MultiPoint"",""coordinates"":[]}"
000000000000000004c3,The Acreage,1.1390111503091545E8,"{""type"":""MultiPoint"",""coordinates"":[]}"
00000000000000000457,The Colony,3.8173543982566826E7,"{""type"":""MultiPoint"",""coordinates"":[]}"
000000000000000008d3,The Crossings,8.37813103581827E7,"{""type"":""MultiPoint"",""coordinates"":[]}"
00000000000000000c65,The Dalles,3.780178731788022E7,"{""type"":""MultiPoint"",""coordinates"":[]}"
0000000000000000034b,The Hammocks,7.050997954224457E7,"{""type"":""MultiPoint"",""coordinates"":[]}"
000000000000000010fb,The Hills,1.745798075658881E8,"{""type"":""MultiPoint"",""coordinates"":[]}"
0000000000000000118a,The Pinery,4784459.145017825,"{""type"":""MultiPoint"",""coordinates"":[]}"
00000000000000001323,The Village,7.24836610715508E7,"{""type"":""MultiPoint"",""coordinates"":[]}"
0000000000000000025f,The Villages,1.6386694221928656E8,"{""type"":""MultiPoint"",""coordinates"":[]}"
0000000000000000017d,The Woodlands,1.816169279018502E8,"{""type"":""MultiPoint"",""coordinates"":[]}"
00000000000000000c90,Thibodaux,1.551891928237975E8,"{""type"":""MultiPoint"",""coordinates"":[]}"
00000000000000001423,Thief River Falls,0.0,"{""type"":""MultiPoint"",""coordinates"":[]}"
000000000000000012c6,Thomaston,2.8965147189700353E8,"{""type"":""MultiPoint"",""coordinates"":[]}"
00000000000000000738,Thomasville,2.9767411072315097E8,"{""type"":""MultiPoint"",""coordinates"":[]}"
00000000000000000a8f,Thomasville,2.4853741577287507E8,"{""type"":""MultiPoint"",""coordinates"":[]}"
00000000000000000bf7,Thompson,2759954.382333105,"{""type"":""MultiPoint"",""coordinates"":[]}"
00000000000000000dda,Thonotosassa,2.2316897954970616E8,"{""type"":""MultiPoint"",""coordinates"":[]}"
00000000000000000141,Thornton,1.33601725213889E7,"{""type"":""MultiPoint"",""coordinates"":[]}"
000000000000000000d6,Thousand Oaks,4.6429062645263374E7,"{""type"":""MultiPoint"",""coordinates"":[]}"
00000000000000000bec,Three Lakes,1.0566831691447745E8,"{""type"":""MultiPoint"",""coordinates"":[]}"
000000000000000013ab,Tiburon,5.129971624590221E7,"{""type"":""MultiPoint"",""coordinates"":[]}"
00000000000000000b1f,Tiffin,6.101745209749128E7,"{""type"":""MultiPoint"",""coordinates"":[]}"
00000000000000000b9c,Tifton,1.802226634318513E8,"{""type"":""MultiPoint"",""coordinates"":[]}"
0000000000000000038c,Tigard,5042528.224345937,"{""type"":""MultiPoint"",""coordinates"":[]}"
00000000000000000b0a,Tillmans Corner,2.103070895965991E8,"{""type"":""MultiPoint"",""coordinates"":[]}"
00000000000000000ec7,Timberlake,2.719515247277904E8,"{""type"":""MultiPoint"",""coordinates"":[]}"
00000000000000001107,Timberlane,1.4402049132203916E8,"{""type"":""MultiPoint"",""coordinates"":[]}"
000000000000000005a6,Timberwood Park,2.5178932802485563E7,"{""type"":""MultiPoint"",""coordinates"":[]}"
0000000000000000112c,Timonium,2.3360698352317035E8,"{""type"":""MultiPoint"",""coordinates"":[]}"
00000000000000000384,Tinley Park,1.1216090969319329E7,"{""type"":""MultiPoint"",""coordinates"":[]}"
00000000000000000a47,Tinton Falls,1.0374991795580938E8,"{""type"":""MultiPoint"",""coordinates"":[]}"
000000000000000011f8,Tipp City,6.759677903205875E7,"{""type"":""MultiPoint"",""coordinates"":[]}"
000000000000000003f7,Titusville,1.4757676958868742E8,"{""type"":""MultiPoint"",""coordinates"":[]}"
00000000000000000c21,Tiverton,2.0481687377840057E8,"{""type"":""MultiPoint"",""coordinates"":[]}"
000000000000000013d0,Toccoa,3.3793347551125026E8,"{""type"":""MultiPoint"",""coordinates"":[]}"
00000000000000000058,Toledo,1.0927688558423929E7,"{""type"":""MultiPoint"",""coordinates"":[]}"
00000000000000001312,Tomah,3100395.3608781104,"{""type"":""MultiPoint"",""coordinates"":[]}"
00000000000000000f24,Tomball,1.5522364015144056E8,"{""type"":""MultiPoint"",""coordinates"":[]}"
000000000000000001e8,Toms River,1.7075722961078912E7,"{""type"":""MultiPoint"",""coordinates"":[]}"
00000000000000000d03,Tonawanda,146.31057739257812,"{""type"":""MultiPoint"",""coordinates"":[]}"
00000000000000000541,Tooele,4918150.617867242,"{""type"":""MultiPoint"",""coordinates"":[]}"
00000000000000000136,Topeka,6.230525522438403E7,"{""type"":""MultiPoint"",""coordinates"":[]}"
00000000000000001438,Toppenish,1.0203644762634796E8,"{""type"":""MultiPoint"",""coordinates"":[]}"
000000000000000012fd,Topsham,45770.53140013452,"{""type"":""MultiPoint"",""coordinates"":[]}"
0000000000000000013a,Torrance,1.7245699778411984E7,"{""type"":""MultiPoint"",""coordinates"":[]}"
00000000000000000568,Torrington,1.386972400377068E7,"{""type"":""MultiPoint"",""coordinates"":[]}"
000000000000000010f0,Totowa,4.400276856671484E7,"{""type"":""MultiPoint"",""coordinates"":[]}"
00000000000000000b15,Towamencin,1.033218636885283E8,"{""type"":""MultiPoint"",""coordinates"":[]}"
00000000000000000211,Town 'n' Country,1.0549793192985961E8,"{""type"":""MultiPoint"",""coordinates"":[]}"
0000000000000000103e,Town and Country,1.7684414562640452E8,"{""type"":""MultiPoint"",""coordinates"":[]}"
000000000000000013ca,Townsend,2.540213808597595E7,"{""type"":""MultiPoint"",""coordinates"":[]}"
00000000000000000367,Towson,1.910677233321521E8,"{""type"":""MultiPoint"",""coordinates"":[]}"
000000000000000001f5,Tracy,7.947799584545945E7,"{""type"":""MultiPoint"",""coordinates"":[]}"
00000000000000000cbd,Traverse City,0.0,"{""type"":""MultiPoint"",""coordinates"":[]}"
0000000000000000111c,Travilah,2.0190313985754874E8,"{""type"":""MultiPoint"",""coordinates"":[]}"
000000000000000013d7,Travis Ranch,8.300713091522333E7,"{""type"":""MultiPoint"",""coordinates"":[]}"
00000000000000000622,Tredyffrin,1.4859358511261863E8,"{""type"":""MultiPoint"",""coordinates"":[]}"
000000000000000011f5,Tremonton,3.905882674247955E7,"{""type"":""MultiPoint"",""coordinates"":[]}"
00000000000000000077,Trenton,1.0563986193246378E8,"{""type"":""MultiPoint"",""coordinates"":[]}"
00000000000000000acc,Trenton,1.3752232002004977E7,"{""type"":""MultiPoint"",""coordinates"":[]}"
00000000000000000eaa,Trenton,1.5423433721655875E8,"{""type"":""MultiPoint"",""coordinates"":[]}"
00000000000000001113,Triangle,2.199828229862599E8,"{""type"":""MultiPoint"",""coordinates"":[]}"
00000000000000000a9d,Trinity,1.8567895471514106E8,"{""type"":""MultiPoint"",""coordinates"":[]}"
00000000000000000e95,Trophy Club,6.733129768381694E7,"{""type"":""MultiPoint"",""coordinates"":[]}"
0000000000000000089e,Trotwood,1.0003555226954803E8,"{""type"":""MultiPoint"",""coordinates"":[]}"
00000000000000000c42,Troutdale,2.6633955974109083E7,"{""type"":""MultiPoint"",""coordinates"":[]}"
0000000000000000021d,Troy,653954.7226604088,"{""type"":""MultiPoint"",""coordinates"":[]}"
000000000000000003c2,Troy,2934.651481628418,"{""type"":""MultiPoint"",""coordinates"":[]}"
00000000000000000765,Troy,4.520164192576343E7,"{""type"":""MultiPoint"",""coordinates"":[]}"
00000000000000000b31,Troy,3.1896714048504716E8,"{""type"":""MultiPoint"",""coordinates"":[]}"
00000000000000000ed0,Troy,2.1955725227778184E8,"{""type"":""MultiPoint"",""coordinates"":[]}"
00000000000000001103,Troy,1.5721611823872998E8,"{""type"":""MultiPoint"",""coordinates"":[]}"
00000000000000000bce,Truckee,6565552.779955218,"{""type"":""MultiPoint"",""coordinates"":[]}"
000000000000000011da,Trumbull Center,2.007928104142289E8,"{""type"":""MultiPoint"",""coordinates"":[]}"
000000000000000007ab,Trussville,3.0481279462805766E8,"{""type"":""MultiPoint"",""coordinates"":[]}"
00000000000000000703,Tualatin,5256332.509919709,"{""type"":""MultiPoint"",""coordinates"":[]}"
00000000000000000401,Tuckahoe,2.2505387626219094E8,"{""type"":""MultiPoint"",""coordinates"":[]}"
0000000000000000052d,Tucker,9.81979197838686E7,"{""type"":""MultiPoint"",""coordinates"":[]}"
00000000000000000037,Tucson,3151965.999051322,"{""type"":""MultiPoint"",""coordinates"":[]}"
00000000000000000ef9,Tucson Estates,999429.5211913463,"{""type"":""MultiPoint"",""coordinates"":[]}"
000000000000000010a6,Tucson Mountains,2982777.3609657097,"{""type"":""MultiPoint"",""coordinates"":[]}"
00000000000000000940,Tukwila,9588072.779020034,"{""type"":""MultiPoint"",""coordinates"":[]}"
000000000000000002d0,Tulare,1.3355912460661355E8,"{""type"":""MultiPoint"",""coordinates"":[]}"
00000000000000000971,Tullahoma,3.137113249263495E8,"{""type"":""MultiPoint"",""coordinates"":[]}"
0000000000000000003e,Tulsa,8.668658392239636E7,"{""type"":""MultiPoint"",""coordinates"":[]}"
000000000000000007ac,Tumwater,2087547.5449509872,"{""type"":""MultiPoint"",""coordinates"":[]}"
0000000000000000050d,Tupelo,1.7840318721918145E8,"{""type"":""MultiPoint"",""coordinates"":[]}"
0000000000000000025d,Turlock,1.3907264887526506E8,"{""type"":""MultiPoint"",""coordinates"":[]}"
00000000000000000115,Tuscaloosa,2.5390980678173837E8,"{""type"":""MultiPoint"",""coordinates"":[]}"
000000000000000013dc,Tuscumbia,2.170728211896659E8,"{""type"":""MultiPoint"",""coordinates"":[]}"
0000000000000000138f,Tuskegee,3.304654173448416E8,"{""type"":""MultiPoint"",""coordinates"":[]}"
0000000000000000025a,Tustin,3.2960891939119637E7,"{""type"":""MultiPoint"",""coordinates"":[]}"
000000000000000006f8,Twentynine Palms,217239.69300842285,"{""type"":""MultiPoint"",""coordinates"":[]}"
000000000000000003b8,Twin Falls,5.624633177081466E7,"{""type"":""MultiPoint"",""coordinates"":[]}"
00000000000000000a33,Twinsburg,2.138483156851044E7,"{""type"":""MultiPoint"",""coordinates"":[]}"
00000000000000001094,Two Rivers,808700.5624891391,"{""type"":""MultiPoint"",""coordinates"":[]}"
0000000000000000014b,Tyler,1.7060219611271396E8,"{""type"":""MultiPoint"",""coordinates"":[]}"
00000000000000000f69,Tyngsborough,2008410.3536764402,"{""type"":""MultiPoint"",""coordinates"":[]}"
00000000000000000712,Tysons,1.712951989032203E8,"{""type"":""MultiPoint"",""coordinates"":[]}"
00000000000000000bf9,Ukiah,2.0313012901406145E8,"{""type"":""MultiPoint"",""coordinates"":[]}"
00000000000000000f26,Ulster,4.5585598280927576E7,"{""type"":""MultiPoint"",""coordinates"":[]}"
00000000000000000347,Union,4.846947889574065E7,"{""type"":""MultiPoint"",""coordinates"":[]}"
00000000000000000381,Union,148.38706970214844,"{""type"":""MultiPoint"",""coordinates"":[]}"
00000000000000000f70,Union,2.298629388572025E8,"{""type"":""MultiPoint"",""coordinates"":[]}"
000000000000000002cd,Union City,7.455334237026674E7,"{""type"":""MultiPoint"",""coordinates"":[]}"
000000000000000002e9,Union City,1.0427829667831203E7,"{""type"":""MultiPoint"",""coordinates"":[]}"
00000000000000000749,Union City,2.1924964474250114E8,"{""type"":""MultiPoint"",""coordinates"":[]}"
000000000000000010c8,Union City,6.93623251513069E7,"{""type"":""MultiPoint"",""coordinates"":[]}"
00000000000000000897,Union Hill-Novelty Hill,80018.11769774194,"{""type"":""MultiPoint"",""coordinates"":[]}"
00000000000000001125,Union Park,1.6686056038044187E8,"{""type"":""MultiPoint"",""coordinates"":[]}"
000000000000000005da,Uniondale,5.279834677892115E7,"{""type"":""MultiPoint"",""coordinates"":[]}"
00000000000000001289,Uniontown,1917.3574905395508,"{""type"":""MultiPoint"",""coordinates"":[]}"
0000000000000000093f,Unity,79396.11415818159,"{""type"":""MultiPoint"",""coordinates"":[]}"
00000000000000000a03,Universal City,2.02113906443832E7,"{""type"":""MultiPoint"",""coordinates"":[]}"
000000000000000003e9,University,1.7029477352271765E8,"{""type"":""MultiPoint"",""coordinates"":[]}"
00000000000000000588,University City,1.2033088821458495E8,"{""type"":""MultiPoint"",""coordinates"":[]}"
00000000000000000e32,University Heights,535451.6451521332,"{""type"":""MultiPoint"",""coordinates"":[]}"
000000000000000007d8,University Park,6.209652693354778E7,"{""type"":""MultiPoint"",""coordinates"":[]}"
00000000000000000594,University Place,1.1580019353788855E7,"{""type"":""MultiPoint"",""coordinates"":[]}"
00000000000000001067,University of California-Santa Barbara,8.365993722438538E7,"{""type"":""MultiPoint"",""coordinates"":[]}"
000000000000000012dd,University of Virginia,1.5362679847951406E8,"{""type"":""MultiPoint"",""coordinates"":[]}"
00000000000000000262,Upland,7.053074225310986E7,"{""type"":""MultiPoint"",""coordinates"":[]}"
00000000000000000f35,Upper,1.571088209282514E8,"{""type"":""MultiPoint"",""coordinates"":[]}"
000000000000000008ac,Upper Allen,2.055257523461675E7,"{""type"":""MultiPoint"",""coordinates"":[]}"
0000000000000000053e,Upper Arlington,7.015326094695254E7,"{""type"":""MultiPoint"",""coordinates"":[]}"
00000000000000000bc9,Upper Chichester,1.2737471881466588E8,"{""type"":""MultiPoint"",""coordinates"":[]}"
0000000000000000022d,Upper Darby,8.236900418220772E7,"{""type"":""MultiPoint"",""coordinates"":[]}"
00000000000000000751,Upper Dublin,1.2649345111383711E8,"{""type"":""MultiPoint"",""coordinates"":[]}"
00000000000000000b9a,Upper Grand Lagoon,3.713737613518511E7,"{""type"":""MultiPoint"",""coordinates"":[]}"
00000000000000000ba9,Upper Gwynedd,1.107278795497249E8,"{""type"":""MultiPoint"",""coordinates"":[]}"
0000000000000000140c,Upper Leacock,9.566242331187934E7,"{""type"":""MultiPoint"",""coordinates"":[]}"
00000000000000000767,Upper Macungie,6.740043274317013E7,"{""type"":""MultiPoint"",""coordinates"":[]}"
0000000000000000143b,Upper Makefield,1.8700223765957156E8,"{""type"":""MultiPoint"",""coordinates"":[]}"
000000000000000005c5,Upper Merion,1.2689392506175588E8,"{""type"":""MultiPoint"",""coordinates"":[]}"
00000000000000000f5c,Upper Montclair,3.3246198191412494E7,"{""type"":""MultiPoint"",""coordinates"":[]}"
0000000000000000078c,Upper Moreland,1.1820182838714677E8,"{""type"":""MultiPoint"",""coordinates"":[]}"
0000000000000000084a,Upper Providence,1.1288550670841227E8,"{""type"":""MultiPoint"",""coordinates"":[]}"
00000000000000000bb2,Upper Saucon,6.0996969218565956E7,"{""type"":""MultiPoint"",""coordinates"":[]}"
00000000000000000cea,Upper Southampton,1.2261752172797984E8,"{""type"":""MultiPoint"",""coordinates"":[]}"
0000000000000000097e,Upper St. Clair,904009.1033408969,"{""type"":""MultiPoint"",""coordinates"":[]}"
00000000000000000f4e,Upper Uwchlan,1.6596431103975803E8,"{""type"":""MultiPoint"",""coordinates"":[]}"
000000000000000004f1,Urbana,3.7523737097093835E7,"{""type"":""MultiPoint"",""coordinates"":[]}"
00000000000000000e71,Urbana,1.877469313653779E8,"{""type"":""MultiPoint"",""coordinates"":[]}"
000000000000000010ae,Urbana,9.125680344720386E7,"{""type"":""MultiPoint"",""coordinates"":[]}"
00000000000000000433,Urbandale,4.12524898997658E7,"{""type"":""MultiPoint"",""coordinates"":[]}"
00000000000000000187,Utica,70970.33187866211,"{""type"":""MultiPoint"",""coordinates"":[]}"
00000000000000000cd1,Uvalde,1.1662045560197119E7,"{""type"":""MultiPoint"",""coordinates"":[]}"
00000000000000000a51,Uwchlan,1.73148746112018E8,"{""type"":""MultiPoint"",""coordinates"":[]}"
00000000000000000dae,Uxbridge,1.3171969280742866E8,"{""type"":""MultiPoint"",""coordinates"":[]}"
000000000000000001cd,Vacaville,6.1254733929619E7,"{""type"":""MultiPoint"",""coordinates"":[]}"
00000000000000000eed,Vadnais Heights,2046.778221130371,"{""type"":""MultiPoint"",""coordinates"":[]}"
00000000000000000ce3,Vail,1114304.7914881986,"{""type"":""MultiPoint"",""coordinates"":[]}"
00000000000000000285,Valdosta,1.4038626589391637E8,"{""type"":""MultiPoint"",""coordinates"":[]}"
00000000000000000e2b,Valencia West,1049928.6883591595,"{""type"":""MultiPoint"",""coordinates"":[]}"
0000000000000000091b,Valinda,4.2472745909634426E7,"{""type"":""MultiPoint"",""coordinates"":[]}"
00000000000000000a3d,Valle Vista,2.149430264574268E7,"{""type"":""MultiPoint"",""coordinates"":[]}"
0000000000000000010b,Vallejo,1.750398533261464E7,"{""type"":""MultiPoint"",""coordinates"":[]}"
000000000000000011b0,Valley,3.1050191924329704E8,"{""type"":""MultiPoint"",""coordinates"":[]}"
000000000000000010ff,Valley Center,4.7228548948988065E7,"{""type"":""MultiPoint"",""coordinates"":[]}"
000000000000000013cb,Valley Cottage,7.508547203365065E7,"{""type"":""MultiPoint"",""coordinates"":[]}"
00000000000000000fb2,Valley Falls,1.2675430871811572E8,"{""type"":""MultiPoint"",""coordinates"":[]}"
000000000000000004c1,Valley Stream,2.401992816545213E7,"{""type"":""MultiPoint"",""coordinates"":[]}"
000000000000000005b5,Valparaiso,74.85220336914062,"{""type"":""MultiPoint"",""coordinates"":[]}"
000000000000000004f9,Valrico,1.972829548938067E8,"{""type"":""MultiPoint"",""coordinates"":[]}"
00000000000000000883,Van Buren,1.9776599361029285E8,"{""type"":""MultiPoint"",""coordinates"":[]}"
00000000000000000da9,Van Buren,0.0,"{""type"":""MultiPoint"",""coordinates"":[]}"
00000000000000001121,Van Wert,1875165.313027266,"{""type"":""MultiPoint"",""coordinates"":[]}"
000000000000000000f1,Vancouver,2368234.8209953466,"{""type"":""MultiPoint"",""coordinates"":[]}"
00000000000000000cfb,Vandalia,9.398906515897225E7,"{""type"":""MultiPoint"",""coordinates"":[]}"
000000000000000010fa,Vashon,1.855204350281007E7,"{""type"":""MultiPoint"",""coordinates"":[]}"
000000000000000007a8,Venice,1.2336523364222193E8,"{""type"":""MultiPoint"",""coordinates"":[]}"
00000000000000001361,Ventnor City,2.545350211220288E7,"{""type"":""MultiPoint"",""coordinates"":[]}"
00000000000000000fc4,Verde Village,1.2679925506055977E7,"{""type"":""MultiPoint"",""coordinates"":[]}"
000000000000000011a7,Vermilion,7.033362013794929E7,"{""type"":""MultiPoint"",""coordinates"":[]}"
00000000000000001022,Vermillion,2.0405368666153647E7,"{""type"":""MultiPoint"",""coordinates"":[]}"
00000000000000001222,Vernal,3.2569761458147563E7,"{""type"":""MultiPoint"",""coordinates"":[]}"
000000000000000008e9,Vernon,4.202706110765662E7,"{""type"":""MultiPoint"",""coordinates"":[]}"
0000000000000000125c,Vernon,4585890.458704093,"{""type"":""MultiPoint"",""coordinates"":[]}"
00000000000000000750,Vernon Hills,5.6073533353483126E7,"{""type"":""MultiPoint"",""coordinates"":[]}"
00000000000000000bf5,Vero Beach,1.3223779207120705E8,"{""type"":""MultiPoint"",""coordinates"":[]}"
0000000000000000067d,Vero Beach South,1.5995594853404003E8,"{""type"":""MultiPoint"",""coordinates"":[]}"
00000000000000000d7d,Verona,5.281634549187122E7,"{""type"":""MultiPoint"",""coordinates"":[]}"
00000000000000000ddc,Verona,8.978773116921845E7,"{""type"":""MultiPoint"",""coordinates"":[]}"
000000000000000011ee,Versailles,3.103998930579111E8,"{""type"":""MultiPoint"",""coordinates"":[]}"
00000000000000000681,Vestal,148.38706970214844,"{""type"":""MultiPoint"",""coordinates"":[]}"
000000000000000004f7,Vestavia Hills,2.0766490321569908E8,"{""type"":""MultiPoint"",""coordinates"":[]}"
0000000000000000095a,Vicksburg,2.385643218911681E8,"{""type"":""MultiPoint"",""coordinates"":[]}"
00000000000000000c89,Victor,146.1423797607422,"{""type"":""MultiPoint"",""coordinates"":[]}"
00000000000000000300,Victoria,7.392447188617599E7,"{""type"":""MultiPoint"",""coordinates"":[]}"
00000000000000001158,Victoria,5819.132598876953,"{""type"":""MultiPoint"",""coordinates"":[]}"
00000000000000000076,Victorville,3103520.390904056,"{""type"":""MultiPoint"",""coordinates"":[]}"
0000000000000000113e,Vidalia,1.7828870703878033E8,"{""type"":""MultiPoint"",""coordinates"":[]}"
000000000000000012a8,Vidor,2.599441552961727E8,"{""type"":""MultiPoint"",""coordinates"":[]}"
00000000000000000c0e,Vienna,1.796627504732185E8,"{""type"":""MultiPoint"",""coordinates"":[]}"
00000000000000001163,Vienna,1430024.8147237133,"{""type"":""MultiPoint"",""coordinates"":[]}"
00000000000000000f37,Viera East,1.3138936039668095E8,"{""type"":""MultiPoint"",""coordinates"":[]}"
00000000000000000c6c,Viera West,1.6514686435656247E8,"{""type"":""MultiPoint"",""coordinates"":[]}"
00000000000000000fc6,View Park-Windsor Hills,1.2312887571263831E7,"{""type"":""MultiPoint"",""coordinates"":[]}"
000000000000000008ce,Villa Park,6608328.371805666,"{""type"":""MultiPoint"",""coordinates"":[]}"
00000000000000000b6c,Villa Rica,2.942956731370484E8,"{""type"":""MultiPoint"",""coordinates"":[]}"
00000000000000001488,Village Green-Green Ridge,1.309974779195301E8,"{""type"":""MultiPoint"",""coordinates"":[]}"
0000000000000000140d,Village St. George,1.5033473753905666E8,"{""type"":""MultiPoint"",""coordinates"":[]}"
00000000000000000e12,Villas,9.013067766539772E7,"{""type"":""MultiPoint"",""coordinates"":[]}"
00000000000000001283,Villas,7.41423978177705E7,"{""type"":""MultiPoint"",""coordinates"":[]}"
00000000000000000bd7,Vincennes,8.609641122073966E7,"{""type"":""MultiPoint"",""coordinates"":[]}"
00000000000000000ce1,Vincent,5.06033113252954E7,"{""type"":""MultiPoint"",""coordinates"":[]}"
00000000000000000228,Vineland,2.2074702512612146E8,"{""type"":""MultiPoint"",""coordinates"":[]}"
0000000000000000047a,Vineyard,4.135732613178511E7,"{""type"":""MultiPoint"",""coordinates"":[]}"
00000000000000000f18,Vineyard,1.7145983930279102E7,"{""type"":""MultiPoint"",""coordinates"":[]}"
00000000000000000ed3,Vinings,1.744220201113236E8,"{""type"":""MultiPoint"",""coordinates"":[]}"
00000000000000000026,Virginia Beach,1.6483108091033307E8,"{""type"":""MultiPoint"",""coordinates"":[]}"
00000000000000000116,Visalia,1.1323530210775524E8,"{""type"":""MultiPoint"",""coordinates"":[]}"
000000000000000001dc,Vista,3.850598575413953E7,"{""type"":""MultiPoint"",""coordinates"":[]}"
00000000000000000654,Voorhees,1.975734234508354E8,"{""type"":""MultiPoint"",""coordinates"":[]}"
000000000000000011bb,Wabash,181407.76931762695,"{""type"":""MultiPoint"",""coordinates"":[]}"
000000000000000000eb,Waco,6.148811227355181E7,"{""type"":""MultiPoint"",""coordinates"":[]}"
00000000000000000eca,Waconia,50403.15620422363,"{""type"":""MultiPoint"",""coordinates"":[]}"
00000000000000000979,Wade Hampton,1.9198073696941116E8,"{""type"":""MultiPoint"",""coordinates"":[]}"
0000000000000000084d,Wadsworth,1.0088210774669775E8,"{""type"":""MultiPoint"",""coordinates"":[]}"
00000000000000001148,Waggaman,1.7247018308537024E8,"{""type"":""MultiPoint"",""coordinates"":[]}"
00000000000000000b67,Wahiawa,1.3159933674734987E8,"{""type"":""MultiPoint"",""coordinates"":[]}"
00000000000000000e1b,Waianae,2.533490843467155E7,"{""type"":""MultiPoint"",""coordinates"":[]}"
000000000000000010db,Waihee-Waiehu,3.0842565905963223E7,"{""type"":""MultiPoint"",""coordinates"":[]}"
00000000000000000bee,Wailuku,2.819885002922523E7,"{""type"":""MultiPoint"",""coordinates"":[]}"
00000000000000000df1,Waimalu,9.221463637886566E7,"{""type"":""MultiPoint"",""coordinates"":[]}"
000000000000000011a8,Waimea,6.372906143411973E7,"{""type"":""MultiPoint"",""coordinates"":[]}"
000000000000000004c9,Waipahu,7.74402273437444E7,"{""type"":""MultiPoint"",""coordinates"":[]}"
000000000000000010b4,Waipio,8.975628023421428E7,"{""type"":""MultiPoint"",""coordinates"":[]}"
00000000000000000402,Wake Forest,2.615135631372211E8,"{""type"":""MultiPoint"",""coordinates"":[]}"
0000000000000000073b,Wakefield,5174960.160967838,"{""type"":""MultiPoint"",""coordinates"":[]}"
00000000000000001033,Wakefield,1.8082767688115695E8,"{""type"":""MultiPoint"",""coordinates"":[]}"
00000000000000000171,Waldorf,2.239144639295249E8,"{""type"":""MultiPoint"",""coordinates"":[]}"
00000000000000001244,Waldwick,3.544034544112331E7,"{""type"":""MultiPoint"",""coordinates"":[]}"
000000000000000007db,Walker,219.08204650878906,"{""type"":""MultiPoint"",""coordinates"":[]}"
00000000000000001271,Walker Mill,1.2032778727282172E8,"{""type"":""MultiPoint"",""coordinates"":[]}"
00000000000000000769,Wall,7.328539817771496E7,"{""type"":""MultiPoint"",""coordinates"":[]}"
000000000000000005bb,Walla Walla,1.819848495125215E7,"{""type"":""MultiPoint"",""coordinates"":[]}"
00000000000000000a91,Wallingford Center,1.78886925866483E8,"{""type"":""MultiPoint"",""coordinates"":[]}"
00000000000000000fe8,Wallington,1.4917618256429613E7,"{""type"":""MultiPoint"",""coordinates"":[]}"
00000000000000000662,Wallkill,5.0657497827085175E7,"{""type"":""MultiPoint"",""coordinates"":[]}"
000000000000000006ed,Walnut,5.077231311669098E7,"{""type"":""MultiPoint"",""coordinates"":[]}"
000000000000000002ca,Walnut Creek,9.266780918357292E7,"{""type"":""MultiPoint"",""coordinates"":[]}"
00000000000000000c32,Walnut Park,6052230.15827709,"{""type"":""MultiPoint"",""coordinates"":[]}"
00000000000000000771,Walpole,1.3250964332574578E8,"{""type"":""MultiPoint"",""coordinates"":[]}"
00000000000000000308,Waltham,3.077411048913494E7,"{""type"":""MultiPoint"",""coordinates"":[]}"
0000000000000000136c,Walworth,72.97071838378906,"{""type"":""MultiPoint"",""coordinates"":[]}"
0000000000000000109d,Wanaque,8.201882419747803E7,"{""type"":""MultiPoint"",""coordinates"":[]}"
0000000000000000111a,Wantage,6.459777366138244E7,"{""type"":""MultiPoint"",""coordinates"":[]}"
00000000000000000b11,Wantagh,1.6626543233225688E7,"{""type"":""MultiPoint"",""coordinates"":[]}"
00000000000000001293,Wapakoneta,2.8029324106271237E7,"{""type"":""MultiPoint"",""coordinates"":[]}"
000000000000000006ee,Wappinger,4.9074694071044885E7,"{""type"":""MultiPoint"",""coordinates"":[]}"
0000000000000000121a,Ware,1.4151968620507446E8,"{""type"":""MultiPoint"",""coordinates"":[]}"
00000000000000000895,Wareham,1.0659375997253881E8,"{""type"":""MultiPoint"",""coordinates"":[]}"
000000000000000005cb,Warminster,1.3127690065551126E8,"{""type"":""MultiPoint"",""coordinates"":[]}"
00000000000000000138,Warner Robins,1.6724443167274493E8,"{""type"":""MultiPoint"",""coordinates"":[]}"
000000000000000011b6,Warr Acres,5.3899289083908886E7,"{""type"":""MultiPoint"",""coordinates"":[]}"
00000000000000000149,Warren,1133934.611328125,"{""type"":""MultiPoint"",""coordinates"":[]}"
000000000000000004e1,Warren,2.8209113019240737E7,"{""type"":""MultiPoint"",""coordinates"":[]}"
00000000000000000c7a,Warren,1.1094084078667162E8,"{""type"":""MultiPoint"",""coordinates"":[]}"
000000000000000010ba,Warren,1.1342002400592428E8,"{""type"":""MultiPoint"",""coordinates"":[]}"
00000000000000001349,Warren,4840.304306030273,"{""type"":""MultiPoint"",""coordinates"":[]}"
00000000000000000a30,Warrensburg,1.4122614770668232E8,"{""type"":""MultiPoint"",""coordinates"":[]}"
00000000000000000e2f,Warrensville Heights,2157454.3557968736,"{""type"":""MultiPoint"",""coordinates"":[]}"
0000000000000000122f,Warrenton,3.081398961939373E8,"{""type"":""MultiPoint"",""coordinates"":[]}"
0000000000000000148b,Warrenton,2.5527526572492063E8,"{""type"":""MultiPoint"",""coordinates"":[]}"
00000000000000000dec,Warrenville,1.232087070244094E7,"{""type"":""MultiPoint"",""coordinates"":[]}"
000000000000000007ae,Warrington,1.0836790841480303E8,"{""type"":""MultiPoint"",""coordinates"":[]}"
00000000000000000bf0,Warrington,9.826896306468627E7,"{""type"":""MultiPoint"",""coordinates"":[]}"
00000000000000000bfd,Warsaw,174473.2661702773,"{""type"":""MultiPoint"",""coordinates"":[]}"
0000000000000000023e,Warwick,8.60036362344498E7,"{""type"":""MultiPoint"",""coordinates"":[]}"
00000000000000000615,Warwick,3.791970903304683E7,"{""type"":""MultiPoint"",""coordinates"":[]}"
00000000000000000a5f,Warwick,9.712530765230514E7,"{""type"":""MultiPoint"",""coordinates"":[]}"
00000000000000000d38,Warwick,1.39640591973895E8,"{""type"":""MultiPoint"",""coordinates"":[]}"
00000000000000000770,Wasco,1.4387804026122698E8,"{""type"":""MultiPoint"",""coordinates"":[]}"
0000000000000000137f,Waseca,6629020.95269291,"{""type"":""MultiPoint"",""coordinates"":[]}"
00000000000000000008,Washington,7.315116101818375E7,"{""type"":""MultiPoint"",""coordinates"":[]}"
000000000000000003f2,Washington,1.9758800383726618E8,"{""type"":""MultiPoint"",""coordinates"":[]}"
000000000000000006b9,Washington,6698790.816064661,"{""type"":""MultiPoint"",""coordinates"":[]}"
00000000000000000aef,Washington,1.3722050802323645E8,"{""type"":""MultiPoint"",""coordinates"":[]}"
00000000000000000c66,Washington,8.01761083161858E7,"{""type"":""MultiPoint"",""coordinates"":[]}"
00000000000000000d26,Washington,2.0626452753303152E8,"{""type"":""MultiPoint"",""coordinates"":[]}"
00000000000000000d41,Washington,1.8374117002152112E8,"{""type"":""MultiPoint"",""coordinates"":[]}"
00000000000000000e76,Washington,6279139.967062437,"{""type"":""MultiPoint"",""coordinates"":[]}"
00000000000000000fb1,Washington,8.990236224079487E7,"{""type"":""MultiPoint"",""coordinates"":[]}"
000000000000000012bb,Washington,2.195717705200953E8,"{""type"":""MultiPoint"",""coordinates"":[]}"
00000000000000001368,Washington,3.5711728271073565E7,"{""type"":""MultiPoint"",""coordinates"":[]}"
00000000000000000d8e,Washington Court House,5.6456963828333676E7,"{""type"":""MultiPoint"",""coordinates"":[]}"
0000000000000000137b,Washington Terrace,2.5376518328283515E7,"{""type"":""MultiPoint"",""coordinates"":[]}"
00000000000000000bca,Washougal,4.016272029991852E7,"{""type"":""MultiPoint"",""coordinates"":[]}"
00000000000000001369,Wasilla,0.0,"{""type"":""MultiPoint"",""coordinates"":[]}"
0000000000000000087b,Watauga,3.842202868530925E7,"{""type"":""MultiPoint"",""coordinates"":[]}"
000000000000000000df,Waterbury,1.4624935619304258E8,"{""type"":""MultiPoint"",""coordinates"":[]}"
000000000000000011be,Waterford,2.4785211788897228E8,"{""type"":""MultiPoint"",""coordinates"":[]}"
00000000000000001392,Waterford,1.6794678898603973E8,"{""type"":""MultiPoint"",""coordinates"":[]}"
00000000000000000199,Waterloo,5060421.164750702,"{""type"":""MultiPoint"",""coordinates"":[]}"
000000000000000010e0,Waterloo,1.448039673400297E8,"{""type"":""MultiPoint"",""coordinates"":[]}"
000000000000000007f8,Watertown,0.0,"{""type"":""MultiPoint"",""coordinates"":[]}"
000000000000000008b4,Watertown,7.680167859448463E7,"{""type"":""MultiPoint"",""coordinates"":[]}"
000000000000000008d0,Watertown,869031.9107868868,"{""type"":""MultiPoint"",""coordinates"":[]}"
0000000000000000057a,Watertown Town,1.9441305557658534E7,"{""type"":""MultiPoint"",""coordinates"":[]}"
00000000000000000c8d,Waterville,4554.6937255859375,"{""type"":""MultiPoint"",""coordinates"":[]}"
000000000000000011dd,Watervliet,3010.130210876465,"{""type"":""MultiPoint"",""coordinates"":[]}"
000000000000000002e2,Watsonville,1.329640417374453E8,"{""type"":""MultiPoint"",""coordinates"":[]}"
00000000000000000ddb,Wauconda,4.461480155049141E7,"{""type"":""MultiPoint"",""coordinates"":[]}"
000000000000000007ec,Waukee,4.4196448720007576E7,"{""type"":""MultiPoint"",""coordinates"":[]}"
00000000000000000213,Waukegan,5991860.776125591,"{""type"":""MultiPoint"",""coordinates"":[]}"
000000000000000002b8,Waukesha,2.6748642819386516E7,"{""type"":""MultiPoint"",""coordinates"":[]}"
